case_id,avg_gap_to_next_min,max_gap_to_next_min
ORD_0000312750,0.0,0.0
ORD_0005053777,0.0,0.0
ORD_0005511584,0.0,0.0
ORD_0010926443,0.0,0.0
ORD_0015231940,0.0,0.0
ORD_0015850954,0.0,0.0
ORD_0017772566,0.0,0.0
ORD_0019124482,0.0,0.0
ORD_0020802216,0.0,0.0
ORD_0023350638,0.0,0.0
ORD_0027054089,0.0,0.0
ORD_0031601088,0.0,0.0
ORD_0031939877,0.0,0.0
ORD_0033102991,0.0,0.0
ORD_0033309900,0.0,0.0
ORD_0033728910,0.0,0.0
ORD_0033843843,0.0,0.0
ORD_0035664246,0.0,0.0
ORD_0039272451,0.0,0.0
ORD_0042569135,0.0,0.0
ORD_0043857406,0.0,0.0
ORD_0044545562,0.0,0.0
ORD_0046356598,0.0,0.0
ORD_0047759506,0.0,0.0
ORD_0048229801,0.0,0.0
ORD_0051150364,0.0,0.0
ORD_0052122110,0.0,0.0
ORD_0052551721,0.0,0.0
ORD_0054345018,0.0,0.0
ORD_0055419138,0.0,0.0
ORD_0056138917,0.0,0.0
ORD_0056622231,0.0,0.0
ORD_0062785296,0.0,0.0
ORD_0064833823,0.0,0.0
ORD_0069951956,0.0,0.0
ORD_0071564771,0.0,0.0
ORD_0072637699,0.0,0.0
ORD_0073333661,0.0,0.0
ORD_0080291921,0.0,0.0
ORD_0082062741,0.0,0.0
ORD_0082249542,0.0,0.0
ORD_0084811483,0.0,0.0
ORD_0086138859,0.0,0.0
ORD_0088411040,0.0,0.0
ORD_0088930328,0.0,0.0
ORD_0091539146,0.0,0.0
ORD_0096024379,0.0,0.0
ORD_0101940685,0.0,0.0
ORD_0103228430,0.0,0.0
ORD_0110313391,0.0,0.0
ORD_0115924810,0.0,0.0
ORD_0116401489,0.0,0.0
ORD_0117531863,0.0,0.0
ORD_0118178356,0.0,0.0
ORD_0118616499,0.0,0.0
ORD_0119619523,0.0,0.0
ORD_0121360628,0.0,0.0
ORD_0123726338,0.0,0.0
ORD_0125932577,0.0,0.0
ORD_0126892511,0.0,0.0
ORD_0137086316,0.0,0.0
ORD_0140436228,0.0,0.0
ORD_0141306562,0.0,0.0
ORD_0144996844,0.0,0.0
ORD_0145851815,0.0,0.0
ORD_0148795744,0.0,0.0
ORD_0152563459,0.0,0.0
ORD_0155601860,0.0,0.0
ORD_0156869042,0.0,0.0
ORD_0160859500,0.0,0.0
ORD_0161838731,0.0,0.0
ORD_0164273960,0.0,0.0
ORD_0164639525,0.0,0.0
ORD_0165172365,0.0,0.0
ORD_0173637990,0.0,0.0
ORD_0175707667,0.0,0.0
ORD_0180920486,0.0,0.0
ORD_0181472768,0.0,0.0
ORD_0181909750,0.0,0.0
ORD_0187153356,0.0,0.0
ORD_0188624377,0.0,0.0
ORD_0193330436,0.0,0.0
ORD_0194888251,0.0,0.0
ORD_0195679156,0.0,0.0
ORD_0195982434,0.0,0.0
ORD_0197271512,0.0,0.0
ORD_0201225952,0.0,0.0
ORD_0206667077,0.0,0.0
ORD_0208368523,0.0,0.0
ORD_0210341466,0.0,0.0
ORD_0210926375,0.0,0.0
ORD_0211316849,0.0,0.0
ORD_0211686785,0.0,0.0
ORD_0212471817,0.0,0.0
ORD_0217462976,0.0,0.0
ORD_0218991535,0.0,0.0
ORD_0221645315,0.0,0.0
ORD_0222564636,0.0,0.0
ORD_0225487659,0.0,0.0
ORD_0228710766,0.0,0.0
ORD_0232424441,0.0,0.0
ORD_0233022249,0.0,0.0
ORD_0237834277,0.0,0.0
ORD_0237888010,0.0,0.0
ORD_0237948804,0.0,0.0
ORD_0242086433,0.0,0.0
ORD_0245848498,0.0,0.0
ORD_0250302436,0.0,0.0
ORD_0251825148,0.0,0.0
ORD_0252367572,0.0,0.0
ORD_0252855367,0.0,0.0
ORD_0254414824,0.0,0.0
ORD_0257004828,0.0,0.0
ORD_0260889834,0.0,0.0
ORD_0261067557,0.0,0.0
ORD_0265081514,0.0,0.0
ORD_0265244816,0.0,0.0
ORD_0269799228,0.0,0.0
ORD_0271710508,0.0,0.0
ORD_0273070479,0.0,0.0
ORD_0279573902,0.0,0.0
ORD_0279620207,0.0,0.0
ORD_0280875197,0.0,0.0
ORD_0282993182,0.0,0.0
ORD_0284618495,0.0,0.0
ORD_0285198200,0.0,0.0
ORD_0297184196,0.0,0.0
ORD_0297642349,0.0,0.0
ORD_0303378880,0.0,0.0
ORD_0308595984,0.0,0.0
ORD_0308918757,0.0,0.0
ORD_0309240818,0.0,0.0
ORD_0309782083,0.0,0.0
ORD_0309813601,0.0,0.0
ORD_0311166288,0.0,0.0
ORD_0313414291,0.0,0.0
ORD_0316939483,0.0,0.0
ORD_0318590601,0.0,0.0
ORD_0324714113,0.0,0.0
ORD_0325010794,0.0,0.0
ORD_0328924222,0.0,0.0
ORD_0337640925,0.0,0.0
ORD_0344761623,0.0,0.0
ORD_0352864434,0.0,0.0
ORD_0352931297,0.0,0.0
ORD_0363859573,0.0,0.0
ORD_0367233767,0.0,0.0
ORD_0368927552,0.0,0.0
ORD_0372106650,0.0,0.0
ORD_0375871555,0.0,0.0
ORD_0378142977,0.0,0.0
ORD_0386429168,0.0,0.0
ORD_0386436539,0.0,0.0
ORD_0387081473,0.0,0.0
ORD_0387083062,0.0,0.0
ORD_0392001648,0.0,0.0
ORD_0392075616,0.0,0.0
ORD_0392779406,0.0,0.0
ORD_0396787742,0.0,0.0
ORD_0397168139,0.0,0.0
ORD_0399823589,0.0,0.0
ORD_0400606360,0.0,0.0
ORD_0402081985,0.0,0.0
ORD_0405804119,0.0,0.0
ORD_0407280805,0.0,0.0
ORD_0407374020,0.0,0.0
ORD_0410542198,0.0,0.0
ORD_0411058901,0.0,0.0
ORD_0411774127,0.0,0.0
ORD_0413084772,0.0,0.0
ORD_0413624879,0.0,0.0
ORD_0416054237,0.0,0.0
ORD_0421669059,0.0,0.0
ORD_0424044410,0.0,0.0
ORD_0425570741,0.0,0.0
ORD_0429968971,0.0,0.0
ORD_0430371089,0.0,0.0
ORD_0430877911,0.0,0.0
ORD_0431764409,0.0,0.0
ORD_0432186802,0.0,0.0
ORD_0437695220,0.0,0.0
ORD_0437792238,0.0,0.0
ORD_0441940891,0.0,0.0
ORD_0444212122,0.0,0.0
ORD_0446266292,0.0,0.0
ORD_0446515635,0.0,0.0
ORD_0452471575,0.0,0.0
ORD_0455557885,0.0,0.0
ORD_0457378162,0.0,0.0
ORD_0458102148,0.0,0.0
ORD_0459600765,0.0,0.0
ORD_0459620912,0.0,0.0
ORD_0461808813,0.0,0.0
ORD_0462064970,0.0,0.0
ORD_0465092912,0.0,0.0
ORD_0465372035,0.0,0.0
ORD_0466421593,0.0,0.0
ORD_0467025404,0.0,0.0
ORD_0468212448,0.0,0.0
ORD_0471816616,0.0,0.0
ORD_0477980443,0.0,0.0
ORD_0481844828,0.0,0.0
ORD_0483977434,0.0,0.0
ORD_0484474872,0.0,0.0
ORD_0485563184,0.0,0.0
ORD_0485578756,0.0,0.0
ORD_0485935084,0.0,0.0
ORD_0490485163,0.0,0.0
ORD_0492731215,0.0,0.0
ORD_0498150402,0.0,0.0
ORD_0502600127,0.0,0.0
ORD_0503681558,0.0,0.0
ORD_0507198011,0.0,0.0
ORD_0512894752,0.0,0.0
ORD_0515870148,0.0,0.0
ORD_0517193384,0.0,0.0
ORD_0521693156,0.0,0.0
ORD_0531460593,0.0,0.0
ORD_0532956083,0.0,0.0
ORD_0537739927,0.0,0.0
ORD_0538689001,0.0,0.0
ORD_0538892193,0.0,0.0
ORD_0542036674,0.0,0.0
ORD_0542054394,0.0,0.0
ORD_0542214069,0.0,0.0
ORD_0543269700,0.0,0.0
ORD_0546229239,0.0,0.0
ORD_0548366388,0.0,0.0
ORD_0549792296,0.0,0.0
ORD_0555660007,0.0,0.0
ORD_0559256132,0.0,0.0
ORD_0562918264,0.0,0.0
ORD_0563837508,0.0,0.0
ORD_0565496190,0.0,0.0
ORD_0567995599,0.0,0.0
ORD_0570937026,0.0,0.0
ORD_0573270726,0.0,0.0
ORD_0578245206,0.0,0.0
ORD_0580777839,0.0,0.0
ORD_0581274428,0.0,0.0
ORD_0583090681,0.0,0.0
ORD_0584215289,0.0,0.0
ORD_0588092317,0.0,0.0
ORD_0592692661,0.0,0.0
ORD_0594336066,0.0,0.0
ORD_0601375026,0.0,0.0
ORD_0603461077,0.0,0.0
ORD_0607785275,0.0,0.0
ORD_0608349171,0.0,0.0
ORD_0615930932,0.0,0.0
ORD_0616049828,0.0,0.0
ORD_0624366052,0.0,0.0
ORD_0625927862,0.0,0.0
ORD_0627585778,0.0,0.0
ORD_0628485555,0.0,0.0
ORD_0629019624,0.0,0.0
ORD_0629310754,0.0,0.0
ORD_0631691416,0.0,0.0
ORD_0632125801,0.0,0.0
ORD_0637226370,0.0,0.0
ORD_0637569323,0.0,0.0
ORD_0641819490,0.0,0.0
ORD_0643949383,0.0,0.0
ORD_0644869275,0.0,0.0
ORD_0646022125,0.0,0.0
ORD_0647096545,0.0,0.0
ORD_0650653467,0.0,0.0
ORD_0652317577,0.0,0.0
ORD_0657010860,0.0,0.0
ORD_0660056785,0.0,0.0
ORD_0663926520,0.0,0.0
ORD_0665478523,0.0,0.0
ORD_0666086572,0.0,0.0
ORD_0666774850,0.0,0.0
ORD_0668156644,0.0,0.0
ORD_0672447913,0.0,0.0
ORD_0676159424,0.0,0.0
ORD_0676456929,0.0,0.0
ORD_0678356217,0.0,0.0
ORD_0680283835,0.0,0.0
ORD_0681000479,0.0,0.0
ORD_0682060118,0.0,0.0
ORD_0683174925,0.0,0.0
ORD_0685870280,0.0,0.0
ORD_0690181321,0.0,0.0
ORD_0690262029,0.0,0.0
ORD_0693247785,0.0,0.0
ORD_0694470963,0.0,0.0
ORD_0695154983,0.0,0.0
ORD_0697838834,0.0,0.0
ORD_0698657472,0.0,0.0
ORD_0700265167,0.0,0.0
ORD_0701542528,0.0,0.0
ORD_0701795088,0.0,0.0
ORD_0703842576,0.0,0.0
ORD_0710800101,0.0,0.0
ORD_0712676944,0.0,0.0
ORD_0716375456,0.0,0.0
ORD_0716674870,0.0,0.0
ORD_0725167822,0.0,0.0
ORD_0727119136,0.0,0.0
ORD_0729849652,0.0,0.0
ORD_0731584502,0.0,0.0
ORD_0735048545,0.0,0.0
ORD_0738495894,0.0,0.0
ORD_0738854219,0.0,0.0
ORD_0742557251,0.0,0.0
ORD_0743587957,0.0,0.0
ORD_0745252987,0.0,0.0
ORD_0748323469,0.0,0.0
ORD_0750669101,0.0,0.0
ORD_0752230494,0.0,0.0
ORD_0755632633,0.0,0.0
ORD_0756010322,0.0,0.0
ORD_0756297801,0.0,0.0
ORD_0760161498,0.0,0.0
ORD_0760774324,0.0,0.0
ORD_0761258841,0.0,0.0
ORD_0770553525,0.0,0.0
ORD_0775909791,0.0,0.0
ORD_0778822707,0.0,0.0
ORD_0779535223,0.0,0.0
ORD_0780012424,0.0,0.0
ORD_0783170338,0.0,0.0
ORD_0784222233,0.0,0.0
ORD_0785269078,0.0,0.0
ORD_0785662597,0.0,0.0
ORD_0786190695,0.0,0.0
ORD_0787211790,0.0,0.0
ORD_0790463611,0.0,0.0
ORD_0798415042,0.0,0.0
ORD_0801252353,0.0,0.0
ORD_0803760467,0.0,0.0
ORD_0804265192,0.0,0.0
ORD_0805116940,0.0,0.0
ORD_0806746176,0.0,0.0
ORD_0811526637,0.0,0.0
ORD_0812661918,0.0,0.0
ORD_0817137281,0.0,0.0
ORD_0820137795,0.0,0.0
ORD_0820825853,0.0,0.0
ORD_0823750946,0.0,0.0
ORD_0824189558,0.0,0.0
ORD_0825068040,0.0,0.0
ORD_0832090400,0.0,0.0
ORD_0833705373,0.0,0.0
ORD_0837373285,0.0,0.0
ORD_0837630197,0.0,0.0
ORD_0839958377,0.0,0.0
ORD_0840398662,0.0,0.0
ORD_0842658789,0.0,0.0
ORD_0844039962,0.0,0.0
ORD_0846083915,0.0,0.0
ORD_0846550119,0.0,0.0
ORD_0847543009,0.0,0.0
ORD_0849035155,0.0,0.0
ORD_0849832150,0.0,0.0
ORD_0852656805,0.0,0.0
ORD_0861399185,0.0,0.0
ORD_0863726063,0.0,0.0
ORD_0864765049,0.0,0.0
ORD_0866095018,0.0,0.0
ORD_0866381239,0.0,0.0
ORD_0867298736,0.0,0.0
ORD_0870891309,0.0,0.0
ORD_0871605613,0.0,0.0
ORD_0877827976,0.0,0.0
ORD_0879419915,0.0,0.0
ORD_0880708720,0.0,0.0
ORD_0881581555,0.0,0.0
ORD_0881651459,0.0,0.0
ORD_0884523570,0.0,0.0
ORD_0885988689,0.0,0.0
ORD_0888888927,0.0,0.0
ORD_0889489403,0.0,0.0
ORD_0890923947,0.0,0.0
ORD_0891152099,0.0,0.0
ORD_0896935177,0.0,0.0
ORD_0901672182,0.0,0.0
ORD_0906075390,0.0,0.0
ORD_0913232781,0.0,0.0
ORD_0918327194,0.0,0.0
ORD_0925450084,0.0,0.0
ORD_0926911653,0.0,0.0
ORD_0930358416,0.0,0.0
ORD_0931266223,0.0,0.0
ORD_0931717293,0.0,0.0
ORD_0932150737,0.0,0.0
ORD_0934399407,0.0,0.0
ORD_0938502364,0.0,0.0
ORD_0938535066,0.0,0.0
ORD_0942128038,0.0,0.0
ORD_0943098362,0.0,0.0
ORD_0946640731,0.0,0.0
ORD_0947525812,0.0,0.0
ORD_0948121075,0.0,0.0
ORD_0948578429,0.0,0.0
ORD_0949064779,0.0,0.0
ORD_0955405194,0.0,0.0
ORD_0957015582,0.0,0.0
ORD_0957475001,0.0,0.0
ORD_0961130653,0.0,0.0
ORD_0969823446,0.0,0.0
ORD_0969887146,0.0,0.0
ORD_0973847461,0.0,0.0
ORD_0974527770,0.0,0.0
ORD_0981834026,0.0,0.0
ORD_0985263586,0.0,0.0
ORD_0987309912,0.0,0.0
ORD_0991011171,0.0,0.0
ORD_0993019742,0.0,0.0
ORD_0994253920,0.0,0.0
ORD_0997367065,0.0,0.0
ORD_0998928364,0.0,0.0
ORD_0999820761,0.0,0.0
ORD_1003098618,0.0,0.0
ORD_1003228369,0.0,0.0
ORD_1003465364,0.0,0.0
ORD_1005306580,0.0,0.0
ORD_1008636171,0.0,0.0
ORD_1009518306,0.0,0.0
ORD_1009702540,0.0,0.0
ORD_1017845361,0.0,0.0
ORD_1021116486,0.0,0.0
ORD_1021132176,0.0,0.0
ORD_1025045899,0.0,0.0
ORD_1026029638,0.0,0.0
ORD_1026281470,0.0,0.0
ORD_1027784471,0.0,0.0
ORD_1033487982,0.0,0.0
ORD_1036184566,0.0,0.0
ORD_1037638769,0.0,0.0
ORD_1040126010,0.0,0.0
ORD_1041663126,0.0,0.0
ORD_1043605576,0.0,0.0
ORD_1043713816,0.0,0.0
ORD_1045872804,0.0,0.0
ORD_1053026375,0.0,0.0
ORD_1055669018,0.0,0.0
ORD_1056672993,0.0,0.0
ORD_1059274377,0.0,0.0
ORD_1061000944,0.0,0.0
ORD_1061086907,0.0,0.0
ORD_1066829006,0.0,0.0
ORD_1068916383,0.0,0.0
ORD_1068955488,0.0,0.0
ORD_1070885374,0.0,0.0
ORD_1075897681,0.0,0.0
ORD_1076084259,0.0,0.0
ORD_1077561956,0.0,0.0
ORD_1078801289,0.0,0.0
ORD_1082216737,0.0,0.0
ORD_1083141806,0.0,0.0
ORD_1089423753,0.0,0.0
ORD_1090955024,0.0,0.0
ORD_1092269876,0.0,0.0
ORD_1094446027,0.0,0.0
ORD_1096788749,0.0,0.0
ORD_1101494297,0.0,0.0
ORD_1102718979,0.0,0.0
ORD_1102724874,0.0,0.0
ORD_1104089865,0.0,0.0
ORD_1104918153,0.0,0.0
ORD_1106130007,0.0,0.0
ORD_1106762014,0.0,0.0
ORD_1109620072,0.0,0.0
ORD_1109795481,0.0,0.0
ORD_1111421676,0.0,0.0
ORD_1112237409,0.0,0.0
ORD_1113981070,0.0,0.0
ORD_1114816125,0.0,0.0
ORD_1119210463,0.0,0.0
ORD_1119586125,0.0,0.0
ORD_1120522515,0.0,0.0
ORD_1128501586,0.0,0.0
ORD_1129538544,0.0,0.0
ORD_1135104045,0.0,0.0
ORD_1136314657,0.0,0.0
ORD_1139960005,0.0,0.0
ORD_1140618836,0.0,0.0
ORD_1144325398,0.0,0.0
ORD_1145839665,0.0,0.0
ORD_1149258110,0.0,0.0
ORD_1149352474,0.0,0.0
ORD_1149479617,0.0,0.0
ORD_1150274269,0.0,0.0
ORD_1151507821,0.0,0.0
ORD_1153397849,0.0,0.0
ORD_1155320315,0.0,0.0
ORD_1158965347,0.0,0.0
ORD_1159075978,0.0,0.0
ORD_1159722552,0.0,0.0
ORD_1162785497,0.0,0.0
ORD_1163364060,0.0,0.0
ORD_1165476705,0.0,0.0
ORD_1169606699,0.0,0.0
ORD_1172220271,0.0,0.0
ORD_1178425338,0.0,0.0
ORD_1179747278,0.0,0.0
ORD_1180841005,0.0,0.0
ORD_1183196625,0.0,0.0
ORD_1188539337,0.0,0.0
ORD_1188841311,0.0,0.0
ORD_1191364934,0.0,0.0
ORD_1199315873,0.0,0.0
ORD_1200820786,0.0,0.0
ORD_1200824544,0.0,0.0
ORD_1202976557,0.0,0.0
ORD_1203268710,0.0,0.0
ORD_1204692570,0.0,0.0
ORD_1205016709,0.0,0.0
ORD_1205426141,0.0,0.0
ORD_1205926542,0.0,0.0
ORD_1211521239,0.0,0.0
ORD_1215994972,0.0,0.0
ORD_1219006054,0.0,0.0
ORD_1220857299,0.0,0.0
ORD_1225674116,0.0,0.0
ORD_1228975224,0.0,0.0
ORD_1229762079,0.0,0.0
ORD_1230776525,0.0,0.0
ORD_1231040481,0.0,0.0
ORD_1231235067,0.0,0.0
ORD_1234338845,0.0,0.0
ORD_1238623751,0.0,0.0
ORD_1241837039,0.0,0.0
ORD_1244195271,0.0,0.0
ORD_1245306647,0.0,0.0
ORD_1250944816,0.0,0.0
ORD_1252808932,0.0,0.0
ORD_1253864821,0.0,0.0
ORD_1255542769,0.0,0.0
ORD_1255816338,0.0,0.0
ORD_1258675665,0.0,0.0
ORD_1261688158,0.0,0.0
ORD_1263136080,0.0,0.0
ORD_1264397652,0.0,0.0
ORD_1267764088,0.0,0.0
ORD_1269308214,0.0,0.0
ORD_1273007581,0.0,0.0
ORD_1275067908,0.0,0.0
ORD_1275643550,0.0,0.0
ORD_1278198607,0.0,0.0
ORD_1278785386,0.0,0.0
ORD_1279124951,0.0,0.0
ORD_1282253563,0.0,0.0
ORD_1286518108,0.0,0.0
ORD_1289868548,0.0,0.0
ORD_1292455493,0.0,0.0
ORD_1294516258,0.0,0.0
ORD_1303197348,0.0,0.0
ORD_1304419668,0.0,0.0
ORD_1310581485,0.0,0.0
ORD_1314062816,0.0,0.0
ORD_1315005145,0.0,0.0
ORD_1315206990,0.0,0.0
ORD_1317868641,0.0,0.0
ORD_1318162292,0.0,0.0
ORD_1319213848,0.0,0.0
ORD_1319682550,0.0,0.0
ORD_1329688545,0.0,0.0
ORD_1332909894,0.0,0.0
ORD_1335382903,0.0,0.0
ORD_1336907242,0.0,0.0
ORD_1345094292,0.0,0.0
ORD_1348754062,0.0,0.0
ORD_1349513298,0.0,0.0
ORD_1352019680,0.0,0.0
ORD_1352706512,0.0,0.0
ORD_1353900238,0.0,0.0
ORD_1354132549,0.0,0.0
ORD_1354613860,0.0,0.0
ORD_1356778669,0.0,0.0
ORD_1359340429,0.0,0.0
ORD_1359726085,0.0,0.0
ORD_1365029824,0.0,0.0
ORD_1368149397,0.0,0.0
ORD_1371204673,0.0,0.0
ORD_1372002066,0.0,0.0
ORD_1373329707,0.0,0.0
ORD_1378258060,0.0,0.0
ORD_1378853394,0.0,0.0
ORD_1386406562,0.0,0.0
ORD_1388196149,0.0,0.0
ORD_1389825481,0.0,0.0
ORD_1392545533,0.0,0.0
ORD_1393265549,0.0,0.0
ORD_1402271387,0.0,0.0
ORD_1405086440,0.0,0.0
ORD_1408968484,0.0,0.0
ORD_1410671228,0.0,0.0
ORD_1411910517,0.0,0.0
ORD_1413122839,0.0,0.0
ORD_1413503184,0.0,0.0
ORD_1415954086,0.0,0.0
ORD_1418357579,0.0,0.0
ORD_1418397243,0.0,0.0
ORD_1419068612,0.0,0.0
ORD_1420456034,0.0,0.0
ORD_1428671259,0.0,0.0
ORD_1432497216,0.0,0.0
ORD_1433728223,0.0,0.0
ORD_1436046784,0.0,0.0
ORD_1436277128,0.0,0.0
ORD_1439946120,0.0,0.0
ORD_1441007880,0.0,0.0
ORD_1441271406,0.0,0.0
ORD_1446936988,0.0,0.0
ORD_1447446511,0.0,0.0
ORD_1450254255,0.0,0.0
ORD_1452475804,0.0,0.0
ORD_1455579125,0.0,0.0
ORD_1457230938,0.0,0.0
ORD_1459095607,0.0,0.0
ORD_1465631212,0.0,0.0
ORD_1467781978,0.0,0.0
ORD_1468864724,0.0,0.0
ORD_1469433527,0.0,0.0
ORD_1473612678,0.0,0.0
ORD_1474545466,0.0,0.0
ORD_1477957100,0.0,0.0
ORD_1480081136,0.0,0.0
ORD_1483013088,0.0,0.0
ORD_1486517514,0.0,0.0
ORD_1486908208,0.0,0.0
ORD_1487691264,0.0,0.0
ORD_1492546561,0.0,0.0
ORD_1495920145,0.0,0.0
ORD_1500467752,0.0,0.0
ORD_1501747850,0.0,0.0
ORD_1502135347,0.0,0.0
ORD_1503057364,0.0,0.0
ORD_1507576849,0.0,0.0
ORD_1509918992,0.0,0.0
ORD_1512457864,0.0,0.0
ORD_1513724561,0.0,0.0
ORD_1513803192,0.0,0.0
ORD_1516604543,0.0,0.0
ORD_1517045325,0.0,0.0
ORD_1517924453,0.0,0.0
ORD_1518648345,0.0,0.0
ORD_1522154274,0.0,0.0
ORD_1523932083,0.0,0.0
ORD_1526360280,0.0,0.0
ORD_1527029148,0.0,0.0
ORD_1534001167,0.0,0.0
ORD_1540524143,0.0,0.0
ORD_1542362187,0.0,0.0
ORD_1547892062,0.0,0.0
ORD_1552522738,0.0,0.0
ORD_1553322923,0.0,0.0
ORD_1553397715,0.0,0.0
ORD_1553533535,0.0,0.0
ORD_1555469425,0.0,0.0
ORD_1560392396,0.0,0.0
ORD_1563609091,0.0,0.0
ORD_1565449061,0.0,0.0
ORD_1565784512,0.0,0.0
ORD_1566160407,0.0,0.0
ORD_1566815302,0.0,0.0
ORD_1569992433,0.0,0.0
ORD_1574822559,0.0,0.0
ORD_1579905192,0.0,0.0
ORD_1580888768,0.0,0.0
ORD_1581692577,0.0,0.0
ORD_1582773935,0.0,0.0
ORD_1585066470,0.0,0.0
ORD_1585930878,0.0,0.0
ORD_1593865011,0.0,0.0
ORD_1594271481,0.0,0.0
ORD_1596258414,0.0,0.0
ORD_1598645625,0.0,0.0
ORD_1601467177,0.0,0.0
ORD_1607575662,0.0,0.0
ORD_1614894769,0.0,0.0
ORD_1615314499,0.0,0.0
ORD_1619144175,0.0,0.0
ORD_1619393615,0.0,0.0
ORD_1622484140,0.0,0.0
ORD_1624864591,0.0,0.0
ORD_1625303091,0.0,0.0
ORD_1628982429,0.0,0.0
ORD_1632230990,0.0,0.0
ORD_1633948529,0.0,0.0
ORD_1634338455,0.0,0.0
ORD_1638910478,0.0,0.0
ORD_1644809103,0.0,0.0
ORD_1644834211,0.0,0.0
ORD_1645095236,0.0,0.0
ORD_1647005038,0.0,0.0
ORD_1650870218,0.0,0.0
ORD_1651399366,0.0,0.0
ORD_1652554050,0.0,0.0
ORD_1656832433,0.0,0.0
ORD_1657572261,0.0,0.0
ORD_1659371367,0.0,0.0
ORD_1659890789,0.0,0.0
ORD_1661709499,0.0,0.0
ORD_1666289059,0.0,0.0
ORD_1670281537,0.0,0.0
ORD_1672034719,0.0,0.0
ORD_1673519675,0.0,0.0
ORD_1673735235,0.0,0.0
ORD_1677326106,0.0,0.0
ORD_1678156017,0.0,0.0
ORD_1678920346,0.0,0.0
ORD_1684169543,0.0,0.0
ORD_1684919259,0.0,0.0
ORD_1686681720,0.0,0.0
ORD_1687428891,0.0,0.0
ORD_1691460953,0.0,0.0
ORD_1692054209,0.0,0.0
ORD_1699950688,0.0,0.0
ORD_1704389603,0.0,0.0
ORD_1705486743,0.0,0.0
ORD_1712961791,0.0,0.0
ORD_1715656248,0.0,0.0
ORD_1717677029,0.0,0.0
ORD_1722300591,0.0,0.0
ORD_1722748199,0.0,0.0
ORD_1723292113,0.0,0.0
ORD_1724079745,0.0,0.0
ORD_1725007048,0.0,0.0
ORD_1726415936,0.0,0.0
ORD_1726467095,0.0,0.0
ORD_1727100717,0.0,0.0
ORD_1727907942,0.0,0.0
ORD_1727923373,0.0,0.0
ORD_1728605597,0.0,0.0
ORD_1732029607,0.0,0.0
ORD_1733850049,0.0,0.0
ORD_1733945734,0.0,0.0
ORD_1734231731,0.0,0.0
ORD_1734720996,0.0,0.0
ORD_1736306269,0.0,0.0
ORD_1736454092,0.0,0.0
ORD_1742878296,0.0,0.0
ORD_1743948659,0.0,0.0
ORD_1744241899,0.0,0.0
ORD_1745227438,0.0,0.0
ORD_1752160591,0.0,0.0
ORD_1752479562,0.0,0.0
ORD_1756987858,0.0,0.0
ORD_1760952533,0.0,0.0
ORD_1762124101,0.0,0.0
ORD_1768080083,0.0,0.0
ORD_1770513779,0.0,0.0
ORD_1772952307,0.0,0.0
ORD_1774073919,0.0,0.0
ORD_1775594793,0.0,0.0
ORD_1776033213,0.0,0.0
ORD_1778925604,0.0,0.0
ORD_1779610081,0.0,0.0
ORD_1781271398,0.0,0.0
ORD_1784378769,0.0,0.0
ORD_1784947746,0.0,0.0
ORD_1785053617,0.0,0.0
ORD_1786641088,0.0,0.0
ORD_1791898442,0.0,0.0
ORD_1798189544,0.0,0.0
ORD_1799909694,0.0,0.0
ORD_1803229565,0.0,0.0
ORD_1803289674,0.0,0.0
ORD_1804044537,0.0,0.0
ORD_1805980815,0.0,0.0
ORD_1809403454,0.0,0.0
ORD_1810269437,0.0,0.0
ORD_1812000926,0.0,0.0
ORD_1815127949,0.0,0.0
ORD_1820467624,0.0,0.0
ORD_1822044133,0.0,0.0
ORD_1822729403,0.0,0.0
ORD_1825149610,0.0,0.0
ORD_1826385474,0.0,0.0
ORD_1826557553,0.0,0.0
ORD_1827922234,0.0,0.0
ORD_1828613793,0.0,0.0
ORD_1828973213,0.0,0.0
ORD_1830237827,0.0,0.0
ORD_1833297500,0.0,0.0
ORD_1840701173,0.0,0.0
ORD_1841200592,0.0,0.0
ORD_1843712459,0.0,0.0
ORD_1849697415,0.0,0.0
ORD_1853154046,0.0,0.0
ORD_1856737729,0.0,0.0
ORD_1858000474,0.0,0.0
ORD_1860883405,0.0,0.0
ORD_1861560847,0.0,0.0
ORD_1863819919,0.0,0.0
ORD_1864550205,0.0,0.0
ORD_1873268152,0.0,0.0
ORD_1876233784,0.0,0.0
ORD_1876284463,0.0,0.0
ORD_1880082504,0.0,0.0
ORD_1888274453,0.0,0.0
ORD_1889767299,0.0,0.0
ORD_1905443980,0.0,0.0
ORD_1906850298,0.0,0.0
ORD_1907732884,0.0,0.0
ORD_1909180196,0.0,0.0
ORD_1911610482,0.0,0.0
ORD_1915739039,0.0,0.0
ORD_1922381761,0.0,0.0
ORD_1922437700,0.0,0.0
ORD_1922502899,0.0,0.0
ORD_1923969372,0.0,0.0
ORD_1924256563,0.0,0.0
ORD_1926250704,0.0,0.0
ORD_1927067901,0.0,0.0
ORD_1928390966,0.0,0.0
ORD_1928682344,0.0,0.0
ORD_1932298761,0.0,0.0
ORD_1933889715,0.0,0.0
ORD_1934324607,0.0,0.0
ORD_1936598845,0.0,0.0
ORD_1940245296,0.0,0.0
ORD_1940677142,0.0,0.0
ORD_1942025660,0.0,0.0
ORD_1942421566,0.0,0.0
ORD_1944761598,0.0,0.0
ORD_1945243340,0.0,0.0
ORD_1947294917,0.0,0.0
ORD_1950894523,0.0,0.0
ORD_1952270943,0.0,0.0
ORD_1954739263,0.0,0.0
ORD_1954956696,0.0,0.0
ORD_1955682105,0.0,0.0
ORD_1956747227,0.0,0.0
ORD_1957764099,0.0,0.0
ORD_1963743323,0.0,0.0
ORD_1964401094,0.0,0.0
ORD_1966324728,0.0,0.0
ORD_1972960641,0.0,0.0
ORD_1973702072,0.0,0.0
ORD_1976664489,0.0,0.0
ORD_1977776814,0.0,0.0
ORD_1979948835,0.0,0.0
ORD_1982131544,0.0,0.0
ORD_1984285276,0.0,0.0
ORD_1986688022,0.0,0.0
ORD_1989847931,0.0,0.0
ORD_1990503827,0.0,0.0
ORD_1990768801,0.0,0.0
ORD_1991427150,0.0,0.0
ORD_1994267260,0.0,0.0
ORD_1994582716,0.0,0.0
ORD_1997780522,0.0,0.0
ORD_2004916723,0.0,0.0
ORD_2005193432,0.0,0.0
ORD_2007682298,0.0,0.0
ORD_2010914058,0.0,0.0
ORD_2011425962,0.0,0.0
ORD_2019268768,0.0,0.0
ORD_2023582594,0.0,0.0
ORD_2027351907,0.0,0.0
ORD_2033861106,0.0,0.0
ORD_2037164725,0.0,0.0
ORD_2042473378,0.0,0.0
ORD_2045053114,0.0,0.0
ORD_2051031137,0.0,0.0
ORD_2051127204,0.0,0.0
ORD_2053328796,0.0,0.0
ORD_2055535400,0.0,0.0
ORD_2056049353,0.0,0.0
ORD_2056836448,0.0,0.0
ORD_2060129026,0.0,0.0
ORD_2060697347,0.0,0.0
ORD_2062209333,0.0,0.0
ORD_2062312640,0.0,0.0
ORD_2066458969,0.0,0.0
ORD_2067216657,0.0,0.0
ORD_2072701799,0.0,0.0
ORD_2074128503,0.0,0.0
ORD_2075246405,0.0,0.0
ORD_2075750457,0.0,0.0
ORD_2075850818,0.0,0.0
ORD_2077505741,0.0,0.0
ORD_2084922808,0.0,0.0
ORD_2085634955,0.0,0.0
ORD_2085968644,0.0,0.0
ORD_2086130674,0.0,0.0
ORD_2086317357,0.0,0.0
ORD_2091088582,0.0,0.0
ORD_2093125707,0.0,0.0
ORD_2095372642,0.0,0.0
ORD_2096953685,0.0,0.0
ORD_2099339234,0.0,0.0
ORD_2102788967,0.0,0.0
ORD_2103062331,0.0,0.0
ORD_2105202395,0.0,0.0
ORD_2110732377,0.0,0.0
ORD_2110989104,0.0,0.0
ORD_2112906291,0.0,0.0
ORD_2115496100,0.0,0.0
ORD_2117182470,0.0,0.0
ORD_2118971287,0.0,0.0
ORD_2119178012,0.0,0.0
ORD_2120240728,0.0,0.0
ORD_2120591632,0.0,0.0
ORD_2121189072,0.0,0.0
ORD_2121764464,0.0,0.0
ORD_2126034360,0.0,0.0
ORD_2128511235,0.0,0.0
ORD_2129584321,0.0,0.0
ORD_2131111446,0.0,0.0
ORD_2134086906,0.0,0.0
ORD_2134232319,0.0,0.0
ORD_2137258702,0.0,0.0
ORD_2143487435,0.0,0.0
ORD_2148015192,0.0,0.0
ORD_2155715424,0.0,0.0
ORD_2157825625,0.0,0.0
ORD_2160087017,0.0,0.0
ORD_2162258525,0.0,0.0
ORD_2165060763,0.0,0.0
ORD_2168089547,0.0,0.0
ORD_2177464205,0.0,0.0
ORD_2177927025,0.0,0.0
ORD_2180050439,0.0,0.0
ORD_2183671455,0.0,0.0
ORD_2184274983,0.0,0.0
ORD_2194946657,0.0,0.0
ORD_2196558300,0.0,0.0
ORD_2196789018,0.0,0.0
ORD_2198654076,0.0,0.0
ORD_2203983405,0.0,0.0
ORD_2206472478,0.0,0.0
ORD_2208087824,0.0,0.0
ORD_2208236247,0.0,0.0
ORD_2213127193,0.0,0.0
ORD_2213203439,0.0,0.0
ORD_2215051211,0.0,0.0
ORD_2216452675,0.0,0.0
ORD_2220853015,0.0,0.0
ORD_2229423608,0.0,0.0
ORD_2232373235,0.0,0.0
ORD_2234606209,0.0,0.0
ORD_2237092724,0.0,0.0
ORD_2237629292,0.0,0.0
ORD_2244151591,0.0,0.0
ORD_2244380845,0.0,0.0
ORD_2245892562,0.0,0.0
ORD_2246469824,0.0,0.0
ORD_2250964338,0.0,0.0
ORD_2256307830,0.0,0.0
ORD_2259213366,0.0,0.0
ORD_2259570968,0.0,0.0
ORD_2259850231,0.0,0.0
ORD_2259899303,0.0,0.0
ORD_2260297998,0.0,0.0
ORD_2264632477,0.0,0.0
ORD_2266683520,0.0,0.0
ORD_2267565389,0.0,0.0
ORD_2273860229,0.0,0.0
ORD_2274399138,0.0,0.0
ORD_2275129380,0.0,0.0
ORD_2275655469,0.0,0.0
ORD_2275700087,0.0,0.0
ORD_2276559496,0.0,0.0
ORD_2277956335,0.0,0.0
ORD_2281995846,0.0,0.0
ORD_2285932508,0.0,0.0
ORD_2286051192,0.0,0.0
ORD_2289102260,0.0,0.0
ORD_2293422426,0.0,0.0
ORD_2295079315,0.0,0.0
ORD_2299794405,0.0,0.0
ORD_2299945416,0.0,0.0
ORD_2302555218,0.0,0.0
ORD_2303567547,0.0,0.0
ORD_2305778835,0.0,0.0
ORD_2308755238,0.0,0.0
ORD_2312921437,0.0,0.0
ORD_2313942969,0.0,0.0
ORD_2315654930,0.0,0.0
ORD_2319925246,0.0,0.0
ORD_2322936119,0.0,0.0
ORD_2326040228,0.0,0.0
ORD_2328496951,0.0,0.0
ORD_2328931536,0.0,0.0
ORD_2328932438,0.0,0.0
ORD_2330242761,0.0,0.0
ORD_2338058628,0.0,0.0
ORD_2343059355,0.0,0.0
ORD_2344591096,0.0,0.0
ORD_2350906309,0.0,0.0
ORD_2351631819,0.0,0.0
ORD_2353136424,0.0,0.0
ORD_2356275174,0.0,0.0
ORD_2358930973,0.0,0.0
ORD_2363925336,0.0,0.0
ORD_2364944847,0.0,0.0
ORD_2371410597,0.0,0.0
ORD_2371883759,0.0,0.0
ORD_2372037853,0.0,0.0
ORD_2375855696,0.0,0.0
ORD_2383743108,0.0,0.0
ORD_2385391386,0.0,0.0
ORD_2388371340,0.0,0.0
ORD_2389911887,0.0,0.0
ORD_2390401241,0.0,0.0
ORD_2391131259,0.0,0.0
ORD_2391767551,0.0,0.0
ORD_2395557493,0.0,0.0
ORD_2397237365,0.0,0.0
ORD_2400159311,0.0,0.0
ORD_2402065216,0.0,0.0
ORD_2409543243,0.0,0.0
ORD_2410238628,0.0,0.0
ORD_2413412851,0.0,0.0
ORD_2413763292,0.0,0.0
ORD_2417738927,0.0,0.0
ORD_2418077440,0.0,0.0
ORD_2422234341,0.0,0.0
ORD_2424782396,0.0,0.0
ORD_2426638250,0.0,0.0
ORD_2427047253,0.0,0.0
ORD_2427980312,0.0,0.0
ORD_2428612806,0.0,0.0
ORD_2431286500,0.0,0.0
ORD_2433858301,0.0,0.0
ORD_2435824095,0.0,0.0
ORD_2441591481,0.0,0.0
ORD_2443751560,0.0,0.0
ORD_2446954532,0.0,0.0
ORD_2447775215,0.0,0.0
ORD_2447838682,0.0,0.0
ORD_2448188366,0.0,0.0
ORD_2449187198,0.0,0.0
ORD_2449236673,0.0,0.0
ORD_2449552291,0.0,0.0
ORD_2453942642,0.0,0.0
ORD_2455214178,0.0,0.0
ORD_2456909805,0.0,0.0
ORD_2457296214,0.0,0.0
ORD_2457616318,0.0,0.0
ORD_2458443226,0.0,0.0
ORD_2463885434,0.0,0.0
ORD_2464185370,0.0,0.0
ORD_2465882332,0.0,0.0
ORD_2467592463,0.0,0.0
ORD_2469238971,0.0,0.0
ORD_2471108653,0.0,0.0
ORD_2477245957,0.0,0.0
ORD_2477349931,0.0,0.0
ORD_2478045163,0.0,0.0
ORD_2479891811,0.0,0.0
ORD_2480372120,0.0,0.0
ORD_2482387074,0.0,0.0
ORD_2489557637,0.0,0.0
ORD_2491315848,0.0,0.0
ORD_2493212590,0.0,0.0
ORD_2493968822,0.0,0.0
ORD_2494225998,0.0,0.0
ORD_2497554245,0.0,0.0
ORD_2499895184,0.0,0.0
ORD_2500268326,0.0,0.0
ORD_2500801280,0.0,0.0
ORD_2503884668,0.0,0.0
ORD_2513544771,0.0,0.0
ORD_2514454704,0.0,0.0
ORD_2515338139,0.0,0.0
ORD_2518614407,0.0,0.0
ORD_2520519348,0.0,0.0
ORD_2521159783,0.0,0.0
ORD_2523666858,0.0,0.0
ORD_2524643052,0.0,0.0
ORD_2526074327,0.0,0.0
ORD_2526784638,0.0,0.0
ORD_2527711801,0.0,0.0
ORD_2530547501,0.0,0.0
ORD_2535744981,0.0,0.0
ORD_2536006116,0.0,0.0
ORD_2536262660,0.0,0.0
ORD_2536664815,0.0,0.0
ORD_2537603268,0.0,0.0
ORD_2539011314,0.0,0.0
ORD_2539609314,0.0,0.0
ORD_2542028750,0.0,0.0
ORD_2543321172,0.0,0.0
ORD_2545079172,0.0,0.0
ORD_2548912898,0.0,0.0
ORD_2549927680,0.0,0.0
ORD_2552030118,0.0,0.0
ORD_2553084533,0.0,0.0
ORD_2553323648,0.0,0.0
ORD_2553924258,0.0,0.0
ORD_2555646676,0.0,0.0
ORD_2555876064,0.0,0.0
ORD_2557569848,0.0,0.0
ORD_2559817085,0.0,0.0
ORD_2568776469,0.0,0.0
ORD_2569606276,0.0,0.0
ORD_2571159341,0.0,0.0
ORD_2571268736,0.0,0.0
ORD_2571590584,0.0,0.0
ORD_2572554548,0.0,0.0
ORD_2572744014,0.0,0.0
ORD_2574038928,0.0,0.0
ORD_2574149754,0.0,0.0
ORD_2574897117,0.0,0.0
ORD_2582712916,0.0,0.0
ORD_2589966171,0.0,0.0
ORD_2591798006,0.0,0.0
ORD_2592619747,0.0,0.0
ORD_2592715440,0.0,0.0
ORD_2593007067,0.0,0.0
ORD_2596285757,0.0,0.0
ORD_2598960688,0.0,0.0
ORD_2601850853,0.0,0.0
ORD_2602028581,0.0,0.0
ORD_2616445345,0.0,0.0
ORD_2618374196,0.0,0.0
ORD_2621200452,0.0,0.0
ORD_2621355901,0.0,0.0
ORD_2623162871,0.0,0.0
ORD_2623715577,0.0,0.0
ORD_2626323718,0.0,0.0
ORD_2626953102,0.0,0.0
ORD_2631392788,0.0,0.0
ORD_2631780768,0.0,0.0
ORD_2632474099,0.0,0.0
ORD_2633432596,0.0,0.0
ORD_2633995724,0.0,0.0
ORD_2639386264,0.0,0.0
ORD_2647845024,0.0,0.0
ORD_2648086419,0.0,0.0
ORD_2650809879,0.0,0.0
ORD_2654672491,0.0,0.0
ORD_2656639790,0.0,0.0
ORD_2658428835,0.0,0.0
ORD_2658839940,0.0,0.0
ORD_2660422332,0.0,0.0
ORD_2660526569,0.0,0.0
ORD_2663867773,0.0,0.0
ORD_2666713492,0.0,0.0
ORD_2669779103,0.0,0.0
ORD_2676585355,0.0,0.0
ORD_2676941297,0.0,0.0
ORD_2678695436,0.0,0.0
ORD_2683899352,0.0,0.0
ORD_2686680012,0.0,0.0
ORD_2687113064,0.0,0.0
ORD_2687363089,0.0,0.0
ORD_2689099674,0.0,0.0
ORD_2690446477,0.0,0.0
ORD_2693713015,0.0,0.0
ORD_2695196378,0.0,0.0
ORD_2696039608,0.0,0.0
ORD_2696432952,0.0,0.0
ORD_2702602424,0.0,0.0
ORD_2702812447,0.0,0.0
ORD_2703458655,0.0,0.0
ORD_2704377041,0.0,0.0
ORD_2706218343,0.0,0.0
ORD_2714388423,0.0,0.0
ORD_2715689338,0.0,0.0
ORD_2716321135,0.0,0.0
ORD_2719563608,0.0,0.0
ORD_2721096211,0.0,0.0
ORD_2725699305,0.0,0.0
ORD_2727055284,0.0,0.0
ORD_2728041375,0.0,0.0
ORD_2731244586,0.0,0.0
ORD_2731317958,0.0,0.0
ORD_2733569794,0.0,0.0
ORD_2734484520,0.0,0.0
ORD_2735803984,0.0,0.0
ORD_2735901319,0.0,0.0
ORD_2736164245,0.0,0.0
ORD_2741085065,0.0,0.0
ORD_2746630616,0.0,0.0
ORD_2757375298,0.0,0.0
ORD_2758043514,0.0,0.0
ORD_2766888091,0.0,0.0
ORD_2771013212,0.0,0.0
ORD_2772650772,0.0,0.0
ORD_2777609132,0.0,0.0
ORD_2777626569,0.0,0.0
ORD_2782324172,0.0,0.0
ORD_2784204244,0.0,0.0
ORD_2784441446,0.0,0.0
ORD_2787076303,0.0,0.0
ORD_2788806172,0.0,0.0
ORD_2790767388,0.0,0.0
ORD_2793114714,0.0,0.0
ORD_2797761530,0.0,0.0
ORD_2805374705,0.0,0.0
ORD_2806132435,0.0,0.0
ORD_2806866139,0.0,0.0
ORD_2813512161,0.0,0.0
ORD_2815228584,0.0,0.0
ORD_2815859529,0.0,0.0
ORD_2816364565,0.0,0.0
ORD_2816889017,0.0,0.0
ORD_2816980838,0.0,0.0
ORD_2818958609,0.0,0.0
ORD_2822082328,0.0,0.0
ORD_2823867965,0.0,0.0
ORD_2830652759,0.0,0.0
ORD_2832825734,0.0,0.0
ORD_2833624527,0.0,0.0
ORD_2835839310,0.0,0.0
ORD_2845424695,0.0,0.0
ORD_2847781397,0.0,0.0
ORD_2848808421,0.0,0.0
ORD_2849963626,0.0,0.0
ORD_2852135736,0.0,0.0
ORD_2852374812,0.0,0.0
ORD_2853075892,0.0,0.0
ORD_2853231207,0.0,0.0
ORD_2854100547,0.0,0.0
ORD_2854220202,0.0,0.0
ORD_2857613441,0.0,0.0
ORD_2860175682,0.0,0.0
ORD_2860768835,0.0,0.0
ORD_2865861981,0.0,0.0
ORD_2867551162,0.0,0.0
ORD_2870073308,0.0,0.0
ORD_2871210447,0.0,0.0
ORD_2871562447,0.0,0.0
ORD_2871961650,0.0,0.0
ORD_2872604354,0.0,0.0
ORD_2872639406,0.0,0.0
ORD_2873836324,0.0,0.0
ORD_2874130029,0.0,0.0
ORD_2875537603,0.0,0.0
ORD_2876006404,0.0,0.0
ORD_2885374809,0.0,0.0
ORD_2886466897,0.0,0.0
ORD_2886984904,0.0,0.0
ORD_2889716821,0.0,0.0
ORD_2891128577,0.0,0.0
ORD_2892393028,0.0,0.0
ORD_2894872945,0.0,0.0
ORD_2897098057,0.0,0.0
ORD_2898535853,0.0,0.0
ORD_2900063330,0.0,0.0
ORD_2900791423,0.0,0.0
ORD_2901265326,0.0,0.0
ORD_2902061261,0.0,0.0
ORD_2904034627,0.0,0.0
ORD_2905219151,0.0,0.0
ORD_2907838588,0.0,0.0
ORD_2909560925,0.0,0.0
ORD_2917910424,0.0,0.0
ORD_2919400186,0.0,0.0
ORD_2919509437,0.0,0.0
ORD_2922374296,0.0,0.0
ORD_2933274255,0.0,0.0
ORD_2934634979,0.0,0.0
ORD_2943559584,0.0,0.0
ORD_2945667135,0.0,0.0
ORD_2947118337,0.0,0.0
ORD_2947412490,0.0,0.0
ORD_2950783153,0.0,0.0
ORD_2953581865,0.0,0.0
ORD_2954003499,0.0,0.0
ORD_2954031658,0.0,0.0
ORD_2957604120,0.0,0.0
ORD_2959935505,0.0,0.0
ORD_2960248296,0.0,0.0
ORD_2961120000,0.0,0.0
ORD_2962246126,0.0,0.0
ORD_2966137938,0.0,0.0
ORD_2971626733,0.0,0.0
ORD_2972406915,0.0,0.0
ORD_2972527163,0.0,0.0
ORD_2973728190,0.0,0.0
ORD_2974646512,0.0,0.0
ORD_2975965949,0.0,0.0
ORD_2982833855,0.0,0.0
ORD_2983278225,0.0,0.0
ORD_2983363641,0.0,0.0
ORD_2985512597,0.0,0.0
ORD_2986440715,0.0,0.0
ORD_2988198942,0.0,0.0
ORD_2992481122,0.0,0.0
ORD_2992511341,0.0,0.0
ORD_2994193496,0.0,0.0
ORD_2994929227,0.0,0.0
ORD_2996868111,0.0,0.0
ORD_2998523720,0.0,0.0
ORD_3000023723,0.0,0.0
ORD_3000399292,0.0,0.0
ORD_3000431213,0.0,0.0
ORD_3000627263,0.0,0.0
ORD_3004490902,0.0,0.0
ORD_3006934288,0.0,0.0
ORD_3007138373,0.0,0.0
ORD_3007829348,0.0,0.0
ORD_3009512774,0.0,0.0
ORD_3010719880,0.0,0.0
ORD_3011398502,0.0,0.0
ORD_3012628278,0.0,0.0
ORD_3017722561,0.0,0.0
ORD_3018574442,0.0,0.0
ORD_3022074163,0.0,0.0
ORD_3025338120,0.0,0.0
ORD_3027367026,0.0,0.0
ORD_3030684353,0.0,0.0
ORD_3030845614,0.0,0.0
ORD_3031363544,0.0,0.0
ORD_3034966705,0.0,0.0
ORD_3038064754,0.0,0.0
ORD_3038825363,0.0,0.0
ORD_3039072268,0.0,0.0
ORD_3041122387,0.0,0.0
ORD_3043502316,0.0,0.0
ORD_3046935346,0.0,0.0
ORD_3048452393,0.0,0.0
ORD_3048919310,0.0,0.0
ORD_3050147861,0.0,0.0
ORD_3051239033,0.0,0.0
ORD_3051626859,0.0,0.0
ORD_3062955519,0.0,0.0
ORD_3072790759,0.0,0.0
ORD_3073710564,0.0,0.0
ORD_3075417276,0.0,0.0
ORD_3076120888,0.0,0.0
ORD_3080368817,0.0,0.0
ORD_3084911661,0.0,0.0
ORD_3084951946,0.0,0.0
ORD_3086657268,0.0,0.0
ORD_3090201194,0.0,0.0
ORD_3094539293,0.0,0.0
ORD_3097079356,0.0,0.0
ORD_3101280447,0.0,0.0
ORD_3102341884,0.0,0.0
ORD_3102344533,0.0,0.0
ORD_3104369438,0.0,0.0
ORD_3112532267,0.0,0.0
ORD_3117364538,0.0,0.0
ORD_3117633124,0.0,0.0
ORD_3119054065,0.0,0.0
ORD_3124184967,0.0,0.0
ORD_3125565209,0.0,0.0
ORD_3137662373,0.0,0.0
ORD_3143481016,0.0,0.0
ORD_3145979878,0.0,0.0
ORD_3149017220,0.0,0.0
ORD_3150415265,0.0,0.0
ORD_3152780923,0.0,0.0
ORD_3155525699,0.0,0.0
ORD_3156697724,0.0,0.0
ORD_3158077283,0.0,0.0
ORD_3158373545,0.0,0.0
ORD_3165060347,0.0,0.0
ORD_3165156655,0.0,0.0
ORD_3166591538,0.0,0.0
ORD_3169986743,0.0,0.0
ORD_3171238558,0.0,0.0
ORD_3172189720,0.0,0.0
ORD_3191057608,0.0,0.0
ORD_3193339544,0.0,0.0
ORD_3194483535,0.0,0.0
ORD_3198582678,0.0,0.0
ORD_3201167571,0.0,0.0
ORD_3205343720,0.0,0.0
ORD_3207043347,0.0,0.0
ORD_3209665205,0.0,0.0
ORD_3210001034,0.0,0.0
ORD_3212794446,0.0,0.0
ORD_3213357844,0.0,0.0
ORD_3221437186,0.0,0.0
ORD_3222940887,0.0,0.0
ORD_3226951521,0.0,0.0
ORD_3236098899,0.0,0.0
ORD_3237841249,0.0,0.0
ORD_3238578545,0.0,0.0
ORD_3239696945,0.0,0.0
ORD_3240656858,0.0,0.0
ORD_3245097343,0.0,0.0
ORD_3247135246,0.0,0.0
ORD_3253068862,0.0,0.0
ORD_3254723059,0.0,0.0
ORD_3258103191,0.0,0.0
ORD_3258502251,0.0,0.0
ORD_3260065324,0.0,0.0
ORD_3261216115,0.0,0.0
ORD_3261590162,0.0,0.0
ORD_3262534854,0.0,0.0
ORD_3263061312,0.0,0.0
ORD_3265227276,0.0,0.0
ORD_3268605562,0.0,0.0
ORD_3273809634,0.0,0.0
ORD_3277715159,0.0,0.0
ORD_3279321011,0.0,0.0
ORD_3282470348,0.0,0.0
ORD_3290905217,0.0,0.0
ORD_3291465504,0.0,0.0
ORD_3294122510,0.0,0.0
ORD_3295593465,0.0,0.0
ORD_3299467129,0.0,0.0
ORD_3299898553,0.0,0.0
ORD_3300117920,0.0,0.0
ORD_3301388108,0.0,0.0
ORD_3302170490,0.0,0.0
ORD_3302469697,0.0,0.0
ORD_3302947060,0.0,0.0
ORD_3303821045,0.0,0.0
ORD_3304330623,0.0,0.0
ORD_3306288733,0.0,0.0
ORD_3312856595,0.0,0.0
ORD_3317224707,0.0,0.0
ORD_3318983391,0.0,0.0
ORD_3320696079,0.0,0.0
ORD_3323695606,0.0,0.0
ORD_3327193456,0.0,0.0
ORD_3328047243,0.0,0.0
ORD_3330201495,0.0,0.0
ORD_3338425657,0.0,0.0
ORD_3339065011,0.0,0.0
ORD_3339778635,0.0,0.0
ORD_3342876099,0.0,0.0
ORD_3345024091,0.0,0.0
ORD_3350498763,0.0,0.0
ORD_3351380959,0.0,0.0
ORD_3353795133,0.0,0.0
ORD_3353851934,0.0,0.0
ORD_3354614454,0.0,0.0
ORD_3354656778,0.0,0.0
ORD_3360486793,0.0,0.0
ORD_3362093003,0.0,0.0
ORD_3362761825,0.0,0.0
ORD_3364487195,0.0,0.0
ORD_3365008456,0.0,0.0
ORD_3366248151,0.0,0.0
ORD_3370497970,0.0,0.0
ORD_3371415448,0.0,0.0
ORD_3373422702,0.0,0.0
ORD_3373681957,0.0,0.0
ORD_3376736932,0.0,0.0
ORD_3377701291,0.0,0.0
ORD_3379809635,0.0,0.0
ORD_3379973604,0.0,0.0
ORD_3380411186,0.0,0.0
ORD_3384215324,0.0,0.0
ORD_3385329207,0.0,0.0
ORD_3385602088,0.0,0.0
ORD_3389224307,0.0,0.0
ORD_3391387733,0.0,0.0
ORD_3395798114,0.0,0.0
ORD_3397538895,0.0,0.0
ORD_3401215091,0.0,0.0
ORD_3401320717,0.0,0.0
ORD_3402011605,0.0,0.0
ORD_3406615273,0.0,0.0
ORD_3408808399,0.0,0.0
ORD_3410325928,0.0,0.0
ORD_3418185567,0.0,0.0
ORD_3418397287,0.0,0.0
ORD_3418848947,0.0,0.0
ORD_3419340331,0.0,0.0
ORD_3419787641,0.0,0.0
ORD_3422234002,0.0,0.0
ORD_3424458694,0.0,0.0
ORD_3424560573,0.0,0.0
ORD_3424964033,0.0,0.0
ORD_3425440264,0.0,0.0
ORD_3426938680,0.0,0.0
ORD_3427101678,0.0,0.0
ORD_3429959931,0.0,0.0
ORD_3430747860,0.0,0.0
ORD_3432313586,0.0,0.0
ORD_3433028104,0.0,0.0
ORD_3433158788,0.0,0.0
ORD_3437617025,0.0,0.0
ORD_3438385770,0.0,0.0
ORD_3442638029,0.0,0.0
ORD_3443794985,0.0,0.0
ORD_3452559678,0.0,0.0
ORD_3453707725,0.0,0.0
ORD_3455420892,0.0,0.0
ORD_3457368201,0.0,0.0
ORD_3460133304,0.0,0.0
ORD_3463966231,0.0,0.0
ORD_3464020424,0.0,0.0
ORD_3465863411,0.0,0.0
ORD_3466822112,0.0,0.0
ORD_3467508892,0.0,0.0
ORD_3472559129,0.0,0.0
ORD_3473367478,0.0,0.0
ORD_3477336125,0.0,0.0
ORD_3482915471,0.0,0.0
ORD_3486307410,0.0,0.0
ORD_3488341166,0.0,0.0
ORD_3489467964,0.0,0.0
ORD_3490388814,0.0,0.0
ORD_3492501633,0.0,0.0
ORD_3495259249,0.0,0.0
ORD_3497372720,0.0,0.0
ORD_3498505054,0.0,0.0
ORD_3502215093,0.0,0.0
ORD_3507608786,0.0,0.0
ORD_3510383775,0.0,0.0
ORD_3516825725,0.0,0.0
ORD_3521113984,0.0,0.0
ORD_3523535869,0.0,0.0
ORD_3526152439,0.0,0.0
ORD_3526946507,0.0,0.0
ORD_3529252875,0.0,0.0
ORD_3530223383,0.0,0.0
ORD_3531925071,0.0,0.0
ORD_3532590873,0.0,0.0
ORD_3533708030,0.0,0.0
ORD_3534250077,0.0,0.0
ORD_3534868828,0.0,0.0
ORD_3541804292,0.0,0.0
ORD_3545461094,0.0,0.0
ORD_3545495439,0.0,0.0
ORD_3546511173,0.0,0.0
ORD_3549221178,0.0,0.0
ORD_3555579627,0.0,0.0
ORD_3560817512,0.0,0.0
ORD_3564156712,0.0,0.0
ORD_3566097286,0.0,0.0
ORD_3569371435,0.0,0.0
ORD_3569926615,0.0,0.0
ORD_3570350412,0.0,0.0
ORD_3570382741,0.0,0.0
ORD_3571621161,0.0,0.0
ORD_3572411349,0.0,0.0
ORD_3573793958,0.0,0.0
ORD_3573900397,0.0,0.0
ORD_3575220929,0.0,0.0
ORD_3575406730,0.0,0.0
ORD_3576831253,0.0,0.0
ORD_3577469620,0.0,0.0
ORD_3584549385,0.0,0.0
ORD_3587502558,0.0,0.0
ORD_3590982337,0.0,0.0
ORD_3592435726,0.0,0.0
ORD_3594516990,0.0,0.0
ORD_3594818668,0.0,0.0
ORD_3595799817,0.0,0.0
ORD_3604135675,0.0,0.0
ORD_3608964433,0.0,0.0
ORD_3612363436,0.0,0.0
ORD_3616057803,0.0,0.0
ORD_3618553190,0.0,0.0
ORD_3624618972,0.0,0.0
ORD_3624700505,0.0,0.0
ORD_3625675679,0.0,0.0
ORD_3627877061,0.0,0.0
ORD_3630697539,0.0,0.0
ORD_3632749993,0.0,0.0
ORD_3632840225,0.0,0.0
ORD_3636498154,0.0,0.0
ORD_3636685227,0.0,0.0
ORD_3638747601,0.0,0.0
ORD_3639612383,0.0,0.0
ORD_3641040390,0.0,0.0
ORD_3641906171,0.0,0.0
ORD_3643806616,0.0,0.0
ORD_3645667219,0.0,0.0
ORD_3650421565,0.0,0.0
ORD_3651481593,0.0,0.0
ORD_3651669266,0.0,0.0
ORD_3653384295,0.0,0.0
ORD_3654317662,0.0,0.0
ORD_3659180867,0.0,0.0
ORD_3659405053,0.0,0.0
ORD_3661659703,0.0,0.0
ORD_3662417682,0.0,0.0
ORD_3662493699,0.0,0.0
ORD_3662958165,0.0,0.0
ORD_3663881331,0.0,0.0
ORD_3668271595,0.0,0.0
ORD_3669410989,0.0,0.0
ORD_3670231324,0.0,0.0
ORD_3673500117,0.0,0.0
ORD_3673588001,0.0,0.0
ORD_3674280138,0.0,0.0
ORD_3675109907,0.0,0.0
ORD_3675172044,0.0,0.0
ORD_3680243871,0.0,0.0
ORD_3682793870,0.0,0.0
ORD_3683274136,0.0,0.0
ORD_3683679465,0.0,0.0
ORD_3684740958,0.0,0.0
ORD_3687821262,0.0,0.0
ORD_3690103526,0.0,0.0
ORD_3693316854,0.0,0.0
ORD_3694861730,0.0,0.0
ORD_3699309957,0.0,0.0
ORD_3703551405,0.0,0.0
ORD_3704399172,0.0,0.0
ORD_3706785170,0.0,0.0
ORD_3707211497,0.0,0.0
ORD_3707297744,0.0,0.0
ORD_3709022353,0.0,0.0
ORD_3716469879,0.0,0.0
ORD_3718243231,0.0,0.0
ORD_3721637707,0.0,0.0
ORD_3722280112,0.0,0.0
ORD_3723034024,0.0,0.0
ORD_3727121079,0.0,0.0
ORD_3727571041,0.0,0.0
ORD_3727855240,0.0,0.0
ORD_3729004774,0.0,0.0
ORD_3738412048,0.0,0.0
ORD_3742176370,0.0,0.0
ORD_3746782924,0.0,0.0
ORD_3747445109,0.0,0.0
ORD_3753041950,0.0,0.0
ORD_3755782495,0.0,0.0
ORD_3756128100,0.0,0.0
ORD_3758532711,0.0,0.0
ORD_3762274220,0.0,0.0
ORD_3762977700,0.0,0.0
ORD_3763108964,0.0,0.0
ORD_3767045259,0.0,0.0
ORD_3772984971,0.0,0.0
ORD_3773109678,0.0,0.0
ORD_3780005318,0.0,0.0
ORD_3782469721,0.0,0.0
ORD_3787665202,0.0,0.0
ORD_3790746544,0.0,0.0
ORD_3791229398,0.0,0.0
ORD_3791727476,0.0,0.0
ORD_3797638018,0.0,0.0
ORD_3802217448,0.0,0.0
ORD_3803134233,0.0,0.0
ORD_3809374170,0.0,0.0
ORD_3811087183,0.0,0.0
ORD_3812252098,0.0,0.0
ORD_3813528741,0.0,0.0
ORD_3819570545,0.0,0.0
ORD_3819659202,0.0,0.0
ORD_3822734781,0.0,0.0
ORD_3824385287,0.0,0.0
ORD_3825464828,0.0,0.0
ORD_3828390556,0.0,0.0
ORD_3832459129,0.0,0.0
ORD_3835618064,0.0,0.0
ORD_3842716499,0.0,0.0
ORD_3843811954,0.0,0.0
ORD_3843942490,0.0,0.0
ORD_3845214305,0.0,0.0
ORD_3845683487,0.0,0.0
ORD_3846099545,0.0,0.0
ORD_3848661762,0.0,0.0
ORD_3854028900,0.0,0.0
ORD_3854832727,0.0,0.0
ORD_3858426275,0.0,0.0
ORD_3861066747,0.0,0.0
ORD_3862767378,0.0,0.0
ORD_3867874313,0.0,0.0
ORD_3868139583,0.0,0.0
ORD_3868172759,0.0,0.0
ORD_3868467606,0.0,0.0
ORD_3868595536,0.0,0.0
ORD_3871389609,0.0,0.0
ORD_3874629912,0.0,0.0
ORD_3874759336,0.0,0.0
ORD_3877739216,0.0,0.0
ORD_3878432797,0.0,0.0
ORD_3879035802,0.0,0.0
ORD_3880344523,0.0,0.0
ORD_3884036698,0.0,0.0
ORD_3885455669,0.0,0.0
ORD_3889726796,0.0,0.0
ORD_3889865352,0.0,0.0
ORD_3894521159,0.0,0.0
ORD_3897412400,0.0,0.0
ORD_3898320572,0.0,0.0
ORD_3899654454,0.0,0.0
ORD_3901891103,0.0,0.0
ORD_3902857675,0.0,0.0
ORD_3904794732,0.0,0.0
ORD_3907643629,0.0,0.0
ORD_3916724938,0.0,0.0
ORD_3917957298,0.0,0.0
ORD_3921772586,0.0,0.0
ORD_3922516453,0.0,0.0
ORD_3928802177,0.0,0.0
ORD_3931288180,0.0,0.0
ORD_3932049616,0.0,0.0
ORD_3932277626,0.0,0.0
ORD_3933170935,0.0,0.0
ORD_3935673271,0.0,0.0
ORD_3938750980,0.0,0.0
ORD_3940308099,0.0,0.0
ORD_3945438747,0.0,0.0
ORD_3947042196,0.0,0.0
ORD_3947639691,0.0,0.0
ORD_3959425893,0.0,0.0
ORD_3964188877,0.0,0.0
ORD_3969017380,0.0,0.0
ORD_3969571174,0.0,0.0
ORD_3971320433,0.0,0.0
ORD_3972310440,0.0,0.0
ORD_3973133902,0.0,0.0
ORD_3975565781,0.0,0.0
ORD_3979008561,0.0,0.0
ORD_3980821246,0.0,0.0
ORD_3983977095,0.0,0.0
ORD_3986037339,0.0,0.0
ORD_3986853154,0.0,0.0
ORD_3987667844,0.0,0.0
ORD_3987725528,0.0,0.0
ORD_3993206856,0.0,0.0
ORD_3994137139,0.0,0.0
ORD_3998396511,0.0,0.0
ORD_3999432965,0.0,0.0
ORD_4001453768,0.0,0.0
ORD_4001677025,0.0,0.0
ORD_4007716316,0.0,0.0
ORD_4015527060,0.0,0.0
ORD_4019880098,0.0,0.0
ORD_4020499712,0.0,0.0
ORD_4021860538,0.0,0.0
ORD_4022904762,0.0,0.0
ORD_4023516721,0.0,0.0
ORD_4023565150,0.0,0.0
ORD_4024479908,0.0,0.0
ORD_4026338773,0.0,0.0
ORD_4028923751,0.0,0.0
ORD_4030763127,0.0,0.0
ORD_4033082820,0.0,0.0
ORD_4036808374,0.0,0.0
ORD_4040603882,0.0,0.0
ORD_4048175917,0.0,0.0
ORD_4048350081,0.0,0.0
ORD_4054060963,0.0,0.0
ORD_4055024925,0.0,0.0
ORD_4057499399,0.0,0.0
ORD_4061239031,0.0,0.0
ORD_4064704906,0.0,0.0
ORD_4065567508,0.0,0.0
ORD_4067416448,0.0,0.0
ORD_4069549202,0.0,0.0
ORD_4071192870,0.0,0.0
ORD_4074043672,0.0,0.0
ORD_4076461046,0.0,0.0
ORD_4076871823,0.0,0.0
ORD_4078631657,0.0,0.0
ORD_4079906335,0.0,0.0
ORD_4081239314,0.0,0.0
ORD_4082528766,0.0,0.0
ORD_4084927571,0.0,0.0
ORD_4086381711,0.0,0.0
ORD_4086851447,0.0,0.0
ORD_4090464252,0.0,0.0
ORD_4091057422,0.0,0.0
ORD_4098365390,0.0,0.0
ORD_4115360780,0.0,0.0
ORD_4117922492,0.0,0.0
ORD_4120050264,0.0,0.0
ORD_4120486720,0.0,0.0
ORD_4124001032,0.0,0.0
ORD_4127376082,0.0,0.0
ORD_4127456377,0.0,0.0
ORD_4130366254,0.0,0.0
ORD_4131608752,0.0,0.0
ORD_4138439792,0.0,0.0
ORD_4138726118,0.0,0.0
ORD_4140534565,0.0,0.0
ORD_4144336165,0.0,0.0
ORD_4146846315,0.0,0.0
ORD_4147094703,0.0,0.0
ORD_4147828765,0.0,0.0
ORD_4157157629,0.0,0.0
ORD_4160026281,0.0,0.0
ORD_4161555658,0.0,0.0
ORD_4162334036,0.0,0.0
ORD_4169429356,0.0,0.0
ORD_4169758963,0.0,0.0
ORD_4171059228,0.0,0.0
ORD_4171090373,0.0,0.0
ORD_4171630611,0.0,0.0
ORD_4171950095,0.0,0.0
ORD_4176790831,0.0,0.0
ORD_4178384406,0.0,0.0
ORD_4180449082,0.0,0.0
ORD_4184062092,0.0,0.0
ORD_4189118903,0.0,0.0
ORD_4190880061,0.0,0.0
ORD_4193556054,0.0,0.0
ORD_4194634361,0.0,0.0
ORD_4195612425,0.0,0.0
ORD_4196289503,0.0,0.0
ORD_4196615118,0.0,0.0
ORD_4197507457,0.0,0.0
ORD_4199944239,0.0,0.0
ORD_4200810616,0.0,0.0
ORD_4200967409,0.0,0.0
ORD_4201559226,0.0,0.0
ORD_4210133570,0.0,0.0
ORD_4210793510,0.0,0.0
ORD_4213352206,0.0,0.0
ORD_4213525749,0.0,0.0
ORD_4214386739,0.0,0.0
ORD_4217599515,0.0,0.0
ORD_4217668076,0.0,0.0
ORD_4221031110,0.0,0.0
ORD_4223262907,0.0,0.0
ORD_4225181387,0.0,0.0
ORD_4229300703,0.0,0.0
ORD_4231766454,0.0,0.0
ORD_4232325666,0.0,0.0
ORD_4232687830,0.0,0.0
ORD_4234191197,0.0,0.0
ORD_4234311060,0.0,0.0
ORD_4234544808,0.0,0.0
ORD_4235404536,0.0,0.0
ORD_4236148381,0.0,0.0
ORD_4239043830,0.0,0.0
ORD_4239588266,0.0,0.0
ORD_4240359101,0.0,0.0
ORD_4241931915,0.0,0.0
ORD_4242527319,0.0,0.0
ORD_4243376041,0.0,0.0
ORD_4251147939,0.0,0.0
ORD_4252567469,0.0,0.0
ORD_4253939797,0.0,0.0
ORD_4255039848,0.0,0.0
ORD_4256388647,0.0,0.0
ORD_4257610041,0.0,0.0
ORD_4260381188,0.0,0.0
ORD_4261212807,0.0,0.0
ORD_4264597480,0.0,0.0
ORD_4265916349,0.0,0.0
ORD_4267036314,0.0,0.0
ORD_4270897898,0.0,0.0
ORD_4277770537,0.0,0.0
ORD_4278338249,0.0,0.0
ORD_4280834429,0.0,0.0
ORD_4284702670,0.0,0.0
ORD_4286167421,0.0,0.0
ORD_4287119339,0.0,0.0
ORD_4287572785,0.0,0.0
ORD_4292072847,0.0,0.0
ORD_4295978098,0.0,0.0
ORD_4297798887,0.0,0.0
ORD_4299437014,0.0,0.0
ORD_4302013460,0.0,0.0
ORD_4302600016,0.0,0.0
ORD_4302702399,0.0,0.0
ORD_4305466412,0.0,0.0
ORD_4306951426,0.0,0.0
ORD_4308917198,0.0,0.0
ORD_4310347031,0.0,0.0
ORD_4312917740,0.0,0.0
ORD_4314218772,0.0,0.0
ORD_4315212807,0.0,0.0
ORD_4316180590,0.0,0.0
ORD_4320847694,0.0,0.0
ORD_4323693531,0.0,0.0
ORD_4323913140,0.0,0.0
ORD_4324761961,0.0,0.0
ORD_4324880945,0.0,0.0
ORD_4327749508,0.0,0.0
ORD_4328242310,0.0,0.0
ORD_4328863772,0.0,0.0
ORD_4328899992,0.0,0.0
ORD_4331994145,0.0,0.0
ORD_4339542425,0.0,0.0
ORD_4341698505,0.0,0.0
ORD_4343255180,0.0,0.0
ORD_4343568344,0.0,0.0
ORD_4346882528,0.0,0.0
ORD_4348824078,0.0,0.0
ORD_4353230119,0.0,0.0
ORD_4360867454,0.0,0.0
ORD_4361560000,0.0,0.0
ORD_4367054910,0.0,0.0
ORD_4370410762,0.0,0.0
ORD_4371903358,0.0,0.0
ORD_4376107089,0.0,0.0
ORD_4380835048,0.0,0.0
ORD_4380984240,0.0,0.0
ORD_4381333112,0.0,0.0
ORD_4386543543,0.0,0.0
ORD_4386806251,0.0,0.0
ORD_4388133163,0.0,0.0
ORD_4398145908,0.0,0.0
ORD_4399774767,0.0,0.0
ORD_4400671643,0.0,0.0
ORD_4402915533,0.0,0.0
ORD_4403516181,0.0,0.0
ORD_4403637119,0.0,0.0
ORD_4403763298,0.0,0.0
ORD_4404765227,0.0,0.0
ORD_4405510591,0.0,0.0
ORD_4407476912,0.0,0.0
ORD_4410004086,0.0,0.0
ORD_4411859434,0.0,0.0
ORD_4412791099,0.0,0.0
ORD_4416025641,0.0,0.0
ORD_4419082491,0.0,0.0
ORD_4428655591,0.0,0.0
ORD_4429756837,0.0,0.0
ORD_4434903116,0.0,0.0
ORD_4439147837,0.0,0.0
ORD_4440737382,0.0,0.0
ORD_4440760358,0.0,0.0
ORD_4446773357,0.0,0.0
ORD_4451126376,0.0,0.0
ORD_4455351340,0.0,0.0
ORD_4457775583,0.0,0.0
ORD_4466116361,0.0,0.0
ORD_4469901509,0.0,0.0
ORD_4471001500,0.0,0.0
ORD_4472788102,0.0,0.0
ORD_4473446325,0.0,0.0
ORD_4475834252,0.0,0.0
ORD_4481186930,0.0,0.0
ORD_4482305723,0.0,0.0
ORD_4483859174,0.0,0.0
ORD_4488549030,0.0,0.0
ORD_4492086528,0.0,0.0
ORD_4493104861,0.0,0.0
ORD_4493531484,0.0,0.0
ORD_4494211043,0.0,0.0
ORD_4497200878,0.0,0.0
ORD_4498913993,0.0,0.0
ORD_4499172983,0.0,0.0
ORD_4500707974,0.0,0.0
ORD_4500870648,0.0,0.0
ORD_4502284000,0.0,0.0
ORD_4502860757,0.0,0.0
ORD_4502889796,0.0,0.0
ORD_4503477143,0.0,0.0
ORD_4505156717,0.0,0.0
ORD_4506477817,0.0,0.0
ORD_4507494646,0.0,0.0
ORD_4508028857,0.0,0.0
ORD_4509300226,0.0,0.0
ORD_4511875526,0.0,0.0
ORD_4513055709,0.0,0.0
ORD_4513430039,0.0,0.0
ORD_4514327810,0.0,0.0
ORD_4519832274,0.0,0.0
ORD_4524351594,0.0,0.0
ORD_4524745136,0.0,0.0
ORD_4527495762,0.0,0.0
ORD_4529097339,0.0,0.0
ORD_4531657052,0.0,0.0
ORD_4531999823,0.0,0.0
ORD_4534828467,0.0,0.0
ORD_4538384062,0.0,0.0
ORD_4538508616,0.0,0.0
ORD_4541650439,0.0,0.0
ORD_4546371431,0.0,0.0
ORD_4546740398,0.0,0.0
ORD_4547965529,0.0,0.0
ORD_4549013122,0.0,0.0
ORD_4550972807,0.0,0.0
ORD_4552107212,0.0,0.0
ORD_4553058972,0.0,0.0
ORD_4562677166,0.0,0.0
ORD_4565591741,0.0,0.0
ORD_4569133264,0.0,0.0
ORD_4571349992,0.0,0.0
ORD_4571841018,0.0,0.0
ORD_4572504425,0.0,0.0
ORD_4574675763,0.0,0.0
ORD_4575563735,0.0,0.0
ORD_4583263568,0.0,0.0
ORD_4587228481,0.0,0.0
ORD_4587855928,0.0,0.0
ORD_4589471060,0.0,0.0
ORD_4591912031,0.0,0.0
ORD_4592480149,0.0,0.0
ORD_4598926780,0.0,0.0
ORD_4601720727,0.0,0.0
ORD_4602437250,0.0,0.0
ORD_4602893366,0.0,0.0
ORD_4603940556,0.0,0.0
ORD_4604768359,0.0,0.0
ORD_4605010757,0.0,0.0
ORD_4605505497,0.0,0.0
ORD_4607483196,0.0,0.0
ORD_4607819812,0.0,0.0
ORD_4612181008,0.0,0.0
ORD_4616085276,0.0,0.0
ORD_4617941712,0.0,0.0
ORD_4620566705,0.0,0.0
ORD_4621060323,0.0,0.0
ORD_4621215808,0.0,0.0
ORD_4622151675,0.0,0.0
ORD_4622385492,0.0,0.0
ORD_4622618519,0.0,0.0
ORD_4623174220,0.0,0.0
ORD_4628995430,0.0,0.0
ORD_4630060257,0.0,0.0
ORD_4630170157,0.0,0.0
ORD_4631133974,0.0,0.0
ORD_4631926057,0.0,0.0
ORD_4637642457,0.0,0.0
ORD_4638632196,0.0,0.0
ORD_4641761181,0.0,0.0
ORD_4642758404,0.0,0.0
ORD_4643780790,0.0,0.0
ORD_4647415016,0.0,0.0
ORD_4649670241,0.0,0.0
ORD_4651318866,0.0,0.0
ORD_4654919424,0.0,0.0
ORD_4655198908,0.0,0.0
ORD_4658920220,0.0,0.0
ORD_4661085169,0.0,0.0
ORD_4664375075,0.0,0.0
ORD_4665922135,0.0,0.0
ORD_4666811464,0.0,0.0
ORD_4667702876,0.0,0.0
ORD_4670058817,0.0,0.0
ORD_4671392900,0.0,0.0
ORD_4672467506,0.0,0.0
ORD_4673287633,0.0,0.0
ORD_4677170321,0.0,0.0
ORD_4677221044,0.0,0.0
ORD_4677749638,0.0,0.0
ORD_4678625434,0.0,0.0
ORD_4684139694,0.0,0.0
ORD_4689938180,0.0,0.0
ORD_4691114899,0.0,0.0
ORD_4693337427,0.0,0.0
ORD_4705877410,0.0,0.0
ORD_4706102507,0.0,0.0
ORD_4708199734,0.0,0.0
ORD_4710187273,0.0,0.0
ORD_4712261896,0.0,0.0
ORD_4715444350,0.0,0.0
ORD_4718111299,0.0,0.0
ORD_4720288332,0.0,0.0
ORD_4720682056,0.0,0.0
ORD_4721442969,0.0,0.0
ORD_4721638229,0.0,0.0
ORD_4723693096,0.0,0.0
ORD_4725021426,0.0,0.0
ORD_4733365003,0.0,0.0
ORD_4735855783,0.0,0.0
ORD_4738123643,0.0,0.0
ORD_4749146459,0.0,0.0
ORD_4754016184,0.0,0.0
ORD_4754300098,0.0,0.0
ORD_4754348957,0.0,0.0
ORD_4759762179,0.0,0.0
ORD_4761891198,0.0,0.0
ORD_4764525910,0.0,0.0
ORD_4765074816,0.0,0.0
ORD_4765275422,0.0,0.0
ORD_4765308488,0.0,0.0
ORD_4765660452,0.0,0.0
ORD_4772440940,0.0,0.0
ORD_4777399534,0.0,0.0
ORD_4779264505,0.0,0.0
ORD_4781700584,0.0,0.0
ORD_4782417574,0.0,0.0
ORD_4787775685,0.0,0.0
ORD_4788576187,0.0,0.0
ORD_4791445354,0.0,0.0
ORD_4792250921,0.0,0.0
ORD_4793127066,0.0,0.0
ORD_4796798763,0.0,0.0
ORD_4801017282,0.0,0.0
ORD_4803183073,0.0,0.0
ORD_4806503770,0.0,0.0
ORD_4807339270,0.0,0.0
ORD_4808379551,0.0,0.0
ORD_4814045284,0.0,0.0
ORD_4820221970,0.0,0.0
ORD_4822298808,0.0,0.0
ORD_4824521421,0.0,0.0
ORD_4831061984,0.0,0.0
ORD_4832058189,0.0,0.0
ORD_4841013874,0.0,0.0
ORD_4845900839,0.0,0.0
ORD_4848909918,0.0,0.0
ORD_4848984857,0.0,0.0
ORD_4849758737,0.0,0.0
ORD_4850989622,0.0,0.0
ORD_4851935398,0.0,0.0
ORD_4853711712,0.0,0.0
ORD_4855085708,0.0,0.0
ORD_4859700387,0.0,0.0
ORD_4859762931,0.0,0.0
ORD_4863176263,0.0,0.0
ORD_4864225633,0.0,0.0
ORD_4864293189,0.0,0.0
ORD_4865481238,0.0,0.0
ORD_4866482740,0.0,0.0
ORD_4872433610,0.0,0.0
ORD_4873296618,0.0,0.0
ORD_4879890117,0.0,0.0
ORD_4881051247,0.0,0.0
ORD_4882225230,0.0,0.0
ORD_4882358587,0.0,0.0
ORD_4882410195,0.0,0.0
ORD_4883461311,0.0,0.0
ORD_4889031852,0.0,0.0
ORD_4892456486,0.0,0.0
ORD_4893748848,0.0,0.0
ORD_4894198284,0.0,0.0
ORD_4895356057,0.0,0.0
ORD_4901423204,0.0,0.0
ORD_4905955218,0.0,0.0
ORD_4907567549,0.0,0.0
ORD_4907909381,0.0,0.0
ORD_4909277209,0.0,0.0
ORD_4909737994,0.0,0.0
ORD_4910543030,0.0,0.0
ORD_4911753707,0.0,0.0
ORD_4914504312,0.0,0.0
ORD_4916199121,0.0,0.0
ORD_4917279985,0.0,0.0
ORD_4917712533,0.0,0.0
ORD_4919696402,0.0,0.0
ORD_4923661698,0.0,0.0
ORD_4925158853,0.0,0.0
ORD_4925344652,0.0,0.0
ORD_4928187054,0.0,0.0
ORD_4928473614,0.0,0.0
ORD_4933017141,0.0,0.0
ORD_4933999204,0.0,0.0
ORD_4936473225,0.0,0.0
ORD_4938655229,0.0,0.0
ORD_4939056090,0.0,0.0
ORD_4946437703,0.0,0.0
ORD_4953501887,0.0,0.0
ORD_4957162515,0.0,0.0
ORD_4957574948,0.0,0.0
ORD_4958652473,0.0,0.0
ORD_4961540757,0.0,0.0
ORD_4963161689,0.0,0.0
ORD_4967098300,0.0,0.0
ORD_4968895074,0.0,0.0
ORD_4971633640,0.0,0.0
ORD_4971653892,0.0,0.0
ORD_4971924128,0.0,0.0
ORD_4973662953,0.0,0.0
ORD_4979584329,0.0,0.0
ORD_4983394762,0.0,0.0
ORD_4992826633,0.0,0.0
ORD_4993275934,0.0,0.0
ORD_4993373226,0.0,0.0
ORD_5003054769,0.0,0.0
ORD_5004026357,0.0,0.0
ORD_5004939462,0.0,0.0
ORD_5006784215,0.0,0.0
ORD_5006826333,0.0,0.0
ORD_5009953500,0.0,0.0
ORD_5012046058,0.0,0.0
ORD_5013863508,0.0,0.0
ORD_5016972720,0.0,0.0
ORD_5017233160,0.0,0.0
ORD_5019180355,0.0,0.0
ORD_5025721517,0.0,0.0
ORD_5027555938,0.0,0.0
ORD_5027724059,0.0,0.0
ORD_5027996011,0.0,0.0
ORD_5028365543,0.0,0.0
ORD_5029212711,0.0,0.0
ORD_5031563635,0.0,0.0
ORD_5032412495,0.0,0.0
ORD_5033856746,0.0,0.0
ORD_5035616427,0.0,0.0
ORD_5035741961,0.0,0.0
ORD_5037339179,0.0,0.0
ORD_5038438291,0.0,0.0
ORD_5038788218,0.0,0.0
ORD_5043180819,0.0,0.0
ORD_5048801478,0.0,0.0
ORD_5053336281,0.0,0.0
ORD_5056106041,0.0,0.0
ORD_5057423699,0.0,0.0
ORD_5058766734,0.0,0.0
ORD_5059475750,0.0,0.0
ORD_5060873257,0.0,0.0
ORD_5060938191,0.0,0.0
ORD_5064290197,0.0,0.0
ORD_5065417414,0.0,0.0
ORD_5066797322,0.0,0.0
ORD_5069995999,0.0,0.0
ORD_5075658956,0.0,0.0
ORD_5076518525,0.0,0.0
ORD_5081208156,0.0,0.0
ORD_5082415054,0.0,0.0
ORD_5082839624,0.0,0.0
ORD_5084706842,0.0,0.0
ORD_5085011775,0.0,0.0
ORD_5086021800,0.0,0.0
ORD_5086392220,0.0,0.0
ORD_5086761620,0.0,0.0
ORD_5093697289,0.0,0.0
ORD_5094898352,0.0,0.0
ORD_5095023086,0.0,0.0
ORD_5095884676,0.0,0.0
ORD_5097070568,0.0,0.0
ORD_5101621569,0.0,0.0
ORD_5112173766,0.0,0.0
ORD_5112892747,0.0,0.0
ORD_5115044902,0.0,0.0
ORD_5119437647,0.0,0.0
ORD_5120034712,0.0,0.0
ORD_5120522970,0.0,0.0
ORD_5122485707,0.0,0.0
ORD_5127847021,0.0,0.0
ORD_5128824081,0.0,0.0
ORD_5130922547,0.0,0.0
ORD_5133796626,0.0,0.0
ORD_5133805898,0.0,0.0
ORD_5139696221,0.0,0.0
ORD_5140029218,0.0,0.0
ORD_5140195604,0.0,0.0
ORD_5141548777,0.0,0.0
ORD_5148030230,0.0,0.0
ORD_5149353020,0.0,0.0
ORD_5152796442,0.0,0.0
ORD_5155855075,0.0,0.0
ORD_5156912562,0.0,0.0
ORD_5159749830,0.0,0.0
ORD_5163039504,0.0,0.0
ORD_5169128350,0.0,0.0
ORD_5172282683,0.0,0.0
ORD_5173448165,0.0,0.0
ORD_5179654831,0.0,0.0
ORD_5180777730,0.0,0.0
ORD_5181056787,0.0,0.0
ORD_5181085924,0.0,0.0
ORD_5183542106,0.0,0.0
ORD_5186981247,0.0,0.0
ORD_5190865660,0.0,0.0
ORD_5192873677,0.0,0.0
ORD_5194538651,0.0,0.0
ORD_5200136191,0.0,0.0
ORD_5201248608,0.0,0.0
ORD_5204229644,0.0,0.0
ORD_5205904108,0.0,0.0
ORD_5208467138,0.0,0.0
ORD_5209266324,0.0,0.0
ORD_5209750818,0.0,0.0
ORD_5215810834,0.0,0.0
ORD_5224484908,0.0,0.0
ORD_5225158150,0.0,0.0
ORD_5225392603,0.0,0.0
ORD_5225826046,0.0,0.0
ORD_5227734817,0.0,0.0
ORD_5228937191,0.0,0.0
ORD_5244044835,0.0,0.0
ORD_5245768476,0.0,0.0
ORD_5246042184,0.0,0.0
ORD_5249351501,0.0,0.0
ORD_5256635656,0.0,0.0
ORD_5257722919,0.0,0.0
ORD_5258993836,0.0,0.0
ORD_5260980321,0.0,0.0
ORD_5263982448,0.0,0.0
ORD_5265917137,0.0,0.0
ORD_5266503545,0.0,0.0
ORD_5269475440,0.0,0.0
ORD_5269946124,0.0,0.0
ORD_5271049964,0.0,0.0
ORD_5272134355,0.0,0.0
ORD_5272725912,0.0,0.0
ORD_5273208964,0.0,0.0
ORD_5277225601,0.0,0.0
ORD_5278374439,0.0,0.0
ORD_5278414752,0.0,0.0
ORD_5279231524,0.0,0.0
ORD_5281348717,0.0,0.0
ORD_5281672023,0.0,0.0
ORD_5283892687,0.0,0.0
ORD_5284195706,0.0,0.0
ORD_5287374232,0.0,0.0
ORD_5288531007,0.0,0.0
ORD_5289871785,0.0,0.0
ORD_5292219610,0.0,0.0
ORD_5295862333,0.0,0.0
ORD_5296818279,0.0,0.0
ORD_5300710599,0.0,0.0
ORD_5301955366,0.0,0.0
ORD_5303721132,0.0,0.0
ORD_5305089679,0.0,0.0
ORD_5312150327,0.0,0.0
ORD_5314268732,0.0,0.0
ORD_5315118231,0.0,0.0
ORD_5316102090,0.0,0.0
ORD_5317879265,0.0,0.0
ORD_5319357114,0.0,0.0
ORD_5319560612,0.0,0.0
ORD_5322026785,0.0,0.0
ORD_5324490475,0.0,0.0
ORD_5324813133,0.0,0.0
ORD_5325845349,0.0,0.0
ORD_5331961631,0.0,0.0
ORD_5332387503,0.0,0.0
ORD_5333258638,0.0,0.0
ORD_5335032781,0.0,0.0
ORD_5336608537,0.0,0.0
ORD_5349494470,0.0,0.0
ORD_5351313241,0.0,0.0
ORD_5353184116,0.0,0.0
ORD_5354729254,0.0,0.0
ORD_5354890009,0.0,0.0
ORD_5358167994,0.0,0.0
ORD_5359139360,0.0,0.0
ORD_5359338295,0.0,0.0
ORD_5367722557,0.0,0.0
ORD_5367965575,0.0,0.0
ORD_5372833253,0.0,0.0
ORD_5377408980,0.0,0.0
ORD_5377980539,0.0,0.0
ORD_5378804264,0.0,0.0
ORD_5379460259,0.0,0.0
ORD_5380910662,0.0,0.0
ORD_5382285581,0.0,0.0
ORD_5382642130,0.0,0.0
ORD_5384322247,0.0,0.0
ORD_5385540044,0.0,0.0
ORD_5395494738,0.0,0.0
ORD_5400319569,0.0,0.0
ORD_5400530179,0.0,0.0
ORD_5400703500,0.0,0.0
ORD_5401463279,0.0,0.0
ORD_5401581168,0.0,0.0
ORD_5401786297,0.0,0.0
ORD_5405344821,0.0,0.0
ORD_5407635258,0.0,0.0
ORD_5409376679,0.0,0.0
ORD_5409930545,0.0,0.0
ORD_5416602002,0.0,0.0
ORD_5416880688,0.0,0.0
ORD_5419698590,0.0,0.0
ORD_5420854372,0.0,0.0
ORD_5421331762,0.0,0.0
ORD_5423424704,0.0,0.0
ORD_5427692355,0.0,0.0
ORD_5428704427,0.0,0.0
ORD_5428896665,0.0,0.0
ORD_5431600969,0.0,0.0
ORD_5432720823,0.0,0.0
ORD_5432837817,0.0,0.0
ORD_5434545968,0.0,0.0
ORD_5437017237,0.0,0.0
ORD_5438830408,0.0,0.0
ORD_5439259833,0.0,0.0
ORD_5441525308,0.0,0.0
ORD_5442534704,0.0,0.0
ORD_5443189348,0.0,0.0
ORD_5444702624,0.0,0.0
ORD_5451132922,0.0,0.0
ORD_5451716927,0.0,0.0
ORD_5452500853,0.0,0.0
ORD_5452779396,0.0,0.0
ORD_5453397125,0.0,0.0
ORD_5454647147,0.0,0.0
ORD_5456162887,0.0,0.0
ORD_5459907333,0.0,0.0
ORD_5463492588,0.0,0.0
ORD_5464142774,0.0,0.0
ORD_5467862488,0.0,0.0
ORD_5468088002,0.0,0.0
ORD_5473180099,0.0,0.0
ORD_5473263314,0.0,0.0
ORD_5480323769,0.0,0.0
ORD_5482915455,0.0,0.0
ORD_5498005334,0.0,0.0
ORD_5499431923,0.0,0.0
ORD_5500015035,0.0,0.0
ORD_5506396867,0.0,0.0
ORD_5506401688,0.0,0.0
ORD_5512904962,0.0,0.0
ORD_5517721198,0.0,0.0
ORD_5518303166,0.0,0.0
ORD_5520222267,0.0,0.0
ORD_5524831557,0.0,0.0
ORD_5525377907,0.0,0.0
ORD_5527154857,0.0,0.0
ORD_5535884953,0.0,0.0
ORD_5537054843,0.0,0.0
ORD_5539446973,0.0,0.0
ORD_5543138885,0.0,0.0
ORD_5549557490,0.0,0.0
ORD_5551073476,0.0,0.0
ORD_5558323338,0.0,0.0
ORD_5559280892,0.0,0.0
ORD_5559725295,0.0,0.0
ORD_5565538480,0.0,0.0
ORD_5572770344,0.0,0.0
ORD_5574234854,0.0,0.0
ORD_5575712465,0.0,0.0
ORD_5575773948,0.0,0.0
ORD_5578002906,0.0,0.0
ORD_5581318153,0.0,0.0
ORD_5583132722,0.0,0.0
ORD_5585310223,0.0,0.0
ORD_5585996946,0.0,0.0
ORD_5587940981,0.0,0.0
ORD_5587979098,0.0,0.0
ORD_5588828263,0.0,0.0
ORD_5590149081,0.0,0.0
ORD_5590364586,0.0,0.0
ORD_5590385136,0.0,0.0
ORD_5591524520,0.0,0.0
ORD_5596969132,0.0,0.0
ORD_5598017830,0.0,0.0
ORD_5599867855,0.0,0.0
ORD_5601441036,0.0,0.0
ORD_5603017308,0.0,0.0
ORD_5605959552,0.0,0.0
ORD_5607668920,0.0,0.0
ORD_5609311210,0.0,0.0
ORD_5610313027,0.0,0.0
ORD_5615418618,0.0,0.0
ORD_5615923241,0.0,0.0
ORD_5616140339,0.0,0.0
ORD_5617557275,0.0,0.0
ORD_5618075663,0.0,0.0
ORD_5619889796,0.0,0.0
ORD_5622663267,0.0,0.0
ORD_5627902766,0.0,0.0
ORD_5628153222,0.0,0.0
ORD_5630779150,0.0,0.0
ORD_5634748302,0.0,0.0
ORD_5635208113,0.0,0.0
ORD_5636465404,0.0,0.0
ORD_5638157877,0.0,0.0
ORD_5638608075,0.0,0.0
ORD_5641630513,0.0,0.0
ORD_5642286865,0.0,0.0
ORD_5648494419,0.0,0.0
ORD_5649488671,0.0,0.0
ORD_5652717427,0.0,0.0
ORD_5656886698,0.0,0.0
ORD_5658338246,0.0,0.0
ORD_5664645567,0.0,0.0
ORD_5664765283,0.0,0.0
ORD_5666237281,0.0,0.0
ORD_5666706610,0.0,0.0
ORD_5667066626,0.0,0.0
ORD_5671369808,0.0,0.0
ORD_5672303764,0.0,0.0
ORD_5672403700,0.0,0.0
ORD_5672680206,0.0,0.0
ORD_5674120799,0.0,0.0
ORD_5674667094,0.0,0.0
ORD_5675616351,0.0,0.0
ORD_5676293462,0.0,0.0
ORD_5676536578,0.0,0.0
ORD_5687450407,0.0,0.0
ORD_5687479597,0.0,0.0
ORD_5688639921,0.0,0.0
ORD_5692889949,0.0,0.0
ORD_5694181283,0.0,0.0
ORD_5696732762,0.0,0.0
ORD_5704554509,0.0,0.0
ORD_5705321470,0.0,0.0
ORD_5705388045,0.0,0.0
ORD_5706246636,0.0,0.0
ORD_5713002076,0.0,0.0
ORD_5719555773,0.0,0.0
ORD_5722822194,0.0,0.0
ORD_5723528113,0.0,0.0
ORD_5725792192,0.0,0.0
ORD_5727386825,0.0,0.0
ORD_5736534662,0.0,0.0
ORD_5737181235,0.0,0.0
ORD_5738078585,0.0,0.0
ORD_5742156594,0.0,0.0
ORD_5755672616,0.0,0.0
ORD_5756752706,0.0,0.0
ORD_5762810700,0.0,0.0
ORD_5762847427,0.0,0.0
ORD_5767065113,0.0,0.0
ORD_5767504213,0.0,0.0
ORD_5768505330,0.0,0.0
ORD_5768605191,0.0,0.0
ORD_5769290939,0.0,0.0
ORD_5771762352,0.0,0.0
ORD_5773968202,0.0,0.0
ORD_5775170551,0.0,0.0
ORD_5776282907,0.0,0.0
ORD_5777658447,0.0,0.0
ORD_5790395872,0.0,0.0
ORD_5794610702,0.0,0.0
ORD_5801056783,0.0,0.0
ORD_5801799429,0.0,0.0
ORD_5802014948,0.0,0.0
ORD_5802211375,0.0,0.0
ORD_5806482326,0.0,0.0
ORD_5807376348,0.0,0.0
ORD_5810091751,0.0,0.0
ORD_5812053769,0.0,0.0
ORD_5813154582,0.0,0.0
ORD_5816617131,0.0,0.0
ORD_5817340903,0.0,0.0
ORD_5818156349,0.0,0.0
ORD_5821176077,0.0,0.0
ORD_5824447111,0.0,0.0
ORD_5824644598,0.0,0.0
ORD_5826301067,0.0,0.0
ORD_5832386952,0.0,0.0
ORD_5833894064,0.0,0.0
ORD_5833930483,0.0,0.0
ORD_5835516656,0.0,0.0
ORD_5835701002,0.0,0.0
ORD_5836268246,0.0,0.0
ORD_5837273393,0.0,0.0
ORD_5837840264,0.0,0.0
ORD_5838943502,0.0,0.0
ORD_5839217979,0.0,0.0
ORD_5846342712,0.0,0.0
ORD_5847060856,0.0,0.0
ORD_5848750914,0.0,0.0
ORD_5849085284,0.0,0.0
ORD_5849765974,0.0,0.0
ORD_5852927316,0.0,0.0
ORD_5854890600,0.0,0.0
ORD_5858156491,0.0,0.0
ORD_5861585053,0.0,0.0
ORD_5863813134,0.0,0.0
ORD_5868105265,0.0,0.0
ORD_5869487865,0.0,0.0
ORD_5870794596,0.0,0.0
ORD_5875279780,0.0,0.0
ORD_5875799591,0.0,0.0
ORD_5878034619,0.0,0.0
ORD_5883532738,0.0,0.0
ORD_5883766048,0.0,0.0
ORD_5892939434,0.0,0.0
ORD_5893271801,0.0,0.0
ORD_5893646133,0.0,0.0
ORD_5894247587,0.0,0.0
ORD_5899513963,0.0,0.0
ORD_5901726476,0.0,0.0
ORD_5906286956,0.0,0.0
ORD_5907255873,0.0,0.0
ORD_5907425413,0.0,0.0
ORD_5908314790,0.0,0.0
ORD_5913593702,0.0,0.0
ORD_5918458938,0.0,0.0
ORD_5920570308,0.0,0.0
ORD_5927797638,0.0,0.0
ORD_5929605368,0.0,0.0
ORD_5929686161,0.0,0.0
ORD_5930481862,0.0,0.0
ORD_5930935886,0.0,0.0
ORD_5936339278,0.0,0.0
ORD_5942872109,0.0,0.0
ORD_5946242729,0.0,0.0
ORD_5947106710,0.0,0.0
ORD_5947123752,0.0,0.0
ORD_5956983638,0.0,0.0
ORD_5957984359,0.0,0.0
ORD_5958848469,0.0,0.0
ORD_5959065415,0.0,0.0
ORD_5967914351,0.0,0.0
ORD_5968952017,0.0,0.0
ORD_5973516708,0.0,0.0
ORD_5977260045,0.0,0.0
ORD_5977741654,0.0,0.0
ORD_5978286364,0.0,0.0
ORD_5983928796,0.0,0.0
ORD_5986600866,0.0,0.0
ORD_5988311123,0.0,0.0
ORD_5992677275,0.0,0.0
ORD_5995806861,0.0,0.0
ORD_5996408958,0.0,0.0
ORD_6000119279,0.0,0.0
ORD_6003586467,0.0,0.0
ORD_6006302872,0.0,0.0
ORD_6006845778,0.0,0.0
ORD_6008884114,0.0,0.0
ORD_6015176906,0.0,0.0
ORD_6015548930,0.0,0.0
ORD_6017589518,0.0,0.0
ORD_6019193010,0.0,0.0
ORD_6025390731,0.0,0.0
ORD_6034575091,0.0,0.0
ORD_6035011353,0.0,0.0
ORD_6035746807,0.0,0.0
ORD_6036440232,0.0,0.0
ORD_6036528834,0.0,0.0
ORD_6036601607,0.0,0.0
ORD_6037248164,0.0,0.0
ORD_6045122017,0.0,0.0
ORD_6047008132,0.0,0.0
ORD_6048223373,0.0,0.0
ORD_6050153717,0.0,0.0
ORD_6057335557,0.0,0.0
ORD_6057836629,0.0,0.0
ORD_6060507145,0.0,0.0
ORD_6062142559,0.0,0.0
ORD_6062768284,0.0,0.0
ORD_6065989303,0.0,0.0
ORD_6068235702,0.0,0.0
ORD_6070637266,0.0,0.0
ORD_6077154973,0.0,0.0
ORD_6078185475,0.0,0.0
ORD_6079651392,0.0,0.0
ORD_6080580285,0.0,0.0
ORD_6081338126,0.0,0.0
ORD_6087638644,0.0,0.0
ORD_6088932262,0.0,0.0
ORD_6089216799,0.0,0.0
ORD_6090540337,0.0,0.0
ORD_6090570704,0.0,0.0
ORD_6092597545,0.0,0.0
ORD_6094374504,0.0,0.0
ORD_6101729313,0.0,0.0
ORD_6103661618,0.0,0.0
ORD_6104008776,0.0,0.0
ORD_6106093169,0.0,0.0
ORD_6111696177,0.0,0.0
ORD_6113852365,0.0,0.0
ORD_6116743343,0.0,0.0
ORD_6122092566,0.0,0.0
ORD_6122528234,0.0,0.0
ORD_6123561459,0.0,0.0
ORD_6130099441,0.0,0.0
ORD_6132689304,0.0,0.0
ORD_6133642507,0.0,0.0
ORD_6136765460,0.0,0.0
ORD_6139465469,0.0,0.0
ORD_6140372569,0.0,0.0
ORD_6141315605,0.0,0.0
ORD_6141408969,0.0,0.0
ORD_6144415263,0.0,0.0
ORD_6144817592,0.0,0.0
ORD_6152150413,0.0,0.0
ORD_6158010698,0.0,0.0
ORD_6159559275,0.0,0.0
ORD_6164483326,0.0,0.0
ORD_6164557063,0.0,0.0
ORD_6168754996,0.0,0.0
ORD_6168942763,0.0,0.0
ORD_6169039891,0.0,0.0
ORD_6169431437,0.0,0.0
ORD_6172025194,0.0,0.0
ORD_6175028343,0.0,0.0
ORD_6175314481,0.0,0.0
ORD_6175468877,0.0,0.0
ORD_6180233094,0.0,0.0
ORD_6180554743,0.0,0.0
ORD_6186052698,0.0,0.0
ORD_6189284613,0.0,0.0
ORD_6194054224,0.0,0.0
ORD_6199359931,0.0,0.0
ORD_6200060867,0.0,0.0
ORD_6200446718,0.0,0.0
ORD_6201725447,0.0,0.0
ORD_6206832662,0.0,0.0
ORD_6208408306,0.0,0.0
ORD_6213019342,0.0,0.0
ORD_6213196578,0.0,0.0
ORD_6213262962,0.0,0.0
ORD_6214031174,0.0,0.0
ORD_6217233786,0.0,0.0
ORD_6218413347,0.0,0.0
ORD_6223333762,0.0,0.0
ORD_6223892924,0.0,0.0
ORD_6225514998,0.0,0.0
ORD_6228739903,0.0,0.0
ORD_6231301139,0.0,0.0
ORD_6231345655,0.0,0.0
ORD_6232307731,0.0,0.0
ORD_6234026993,0.0,0.0
ORD_6237422892,0.0,0.0
ORD_6238446457,0.0,0.0
ORD_6239232821,0.0,0.0
ORD_6239871421,0.0,0.0
ORD_6242749074,0.0,0.0
ORD_6242757154,0.0,0.0
ORD_6248741860,0.0,0.0
ORD_6254027892,0.0,0.0
ORD_6254325664,0.0,0.0
ORD_6257036915,0.0,0.0
ORD_6261668612,0.0,0.0
ORD_6264250321,0.0,0.0
ORD_6268021061,0.0,0.0
ORD_6268231563,0.0,0.0
ORD_6268798411,0.0,0.0
ORD_6270078456,0.0,0.0
ORD_6270569748,0.0,0.0
ORD_6272737869,0.0,0.0
ORD_6275669518,0.0,0.0
ORD_6276056789,0.0,0.0
ORD_6276809418,0.0,0.0
ORD_6285984691,0.0,0.0
ORD_6286713699,0.0,0.0
ORD_6287639434,0.0,0.0
ORD_6293665753,0.0,0.0
ORD_6295602309,0.0,0.0
ORD_6297857132,0.0,0.0
ORD_6301054976,0.0,0.0
ORD_6302688897,0.0,0.0
ORD_6303952827,0.0,0.0
ORD_6304046335,0.0,0.0
ORD_6304603689,0.0,0.0
ORD_6307834360,0.0,0.0
ORD_6308515363,0.0,0.0
ORD_6308927420,0.0,0.0
ORD_6308939160,0.0,0.0
ORD_6310077037,0.0,0.0
ORD_6310446536,0.0,0.0
ORD_6314307957,0.0,0.0
ORD_6318618314,0.0,0.0
ORD_6319026303,0.0,0.0
ORD_6323068655,0.0,0.0
ORD_6325488600,0.0,0.0
ORD_6331155323,0.0,0.0
ORD_6332492542,0.0,0.0
ORD_6337029674,0.0,0.0
ORD_6337112930,0.0,0.0
ORD_6341250872,0.0,0.0
ORD_6343647681,0.0,0.0
ORD_6347754506,0.0,0.0
ORD_6350531956,0.0,0.0
ORD_6353127961,0.0,0.0
ORD_6354464260,0.0,0.0
ORD_6355330203,0.0,0.0
ORD_6355536849,0.0,0.0
ORD_6356437710,0.0,0.0
ORD_6358205021,0.0,0.0
ORD_6359892769,0.0,0.0
ORD_6361097051,0.0,0.0
ORD_6362282292,0.0,0.0
ORD_6363953901,0.0,0.0
ORD_6367464426,0.0,0.0
ORD_6368934982,0.0,0.0
ORD_6369210478,0.0,0.0
ORD_6369639933,0.0,0.0
ORD_6372418804,0.0,0.0
ORD_6379645970,0.0,0.0
ORD_6383757658,0.0,0.0
ORD_6386042294,0.0,0.0
ORD_6394549876,0.0,0.0
ORD_6396950988,0.0,0.0
ORD_6401366463,0.0,0.0
ORD_6402791685,0.0,0.0
ORD_6405180672,0.0,0.0
ORD_6406016095,0.0,0.0
ORD_6406248000,0.0,0.0
ORD_6421341571,0.0,0.0
ORD_6423575796,0.0,0.0
ORD_6428203052,0.0,0.0
ORD_6428521292,0.0,0.0
ORD_6428898102,0.0,0.0
ORD_6432633268,0.0,0.0
ORD_6433320532,0.0,0.0
ORD_6433820040,0.0,0.0
ORD_6436010054,0.0,0.0
ORD_6439041651,0.0,0.0
ORD_6439833377,0.0,0.0
ORD_6444484946,0.0,0.0
ORD_6449959034,0.0,0.0
ORD_6451523853,0.0,0.0
ORD_6464081430,0.0,0.0
ORD_6464392358,0.0,0.0
ORD_6469855566,0.0,0.0
ORD_6476367780,0.0,0.0
ORD_6477172458,0.0,0.0
ORD_6484063106,0.0,0.0
ORD_6484807863,0.0,0.0
ORD_6489975081,0.0,0.0
ORD_6491875042,0.0,0.0
ORD_6492602211,0.0,0.0
ORD_6492878715,0.0,0.0
ORD_6493289160,0.0,0.0
ORD_6498385289,0.0,0.0
ORD_6500745700,0.0,0.0
ORD_6502161108,0.0,0.0
ORD_6504961361,0.0,0.0
ORD_6505329948,0.0,0.0
ORD_6513322295,0.0,0.0
ORD_6514320610,0.0,0.0
ORD_6514759388,0.0,0.0
ORD_6515024689,0.0,0.0
ORD_6515213990,0.0,0.0
ORD_6515373844,0.0,0.0
ORD_6518036749,0.0,0.0
ORD_6521348703,0.0,0.0
ORD_6521480943,0.0,0.0
ORD_6522008815,0.0,0.0
ORD_6529179367,0.0,0.0
ORD_6534202384,0.0,0.0
ORD_6537877321,0.0,0.0
ORD_6539460529,0.0,0.0
ORD_6539677075,0.0,0.0
ORD_6540274606,0.0,0.0
ORD_6543959416,0.0,0.0
ORD_6550297225,0.0,0.0
ORD_6556367289,0.0,0.0
ORD_6560429843,0.0,0.0
ORD_6561489294,0.0,0.0
ORD_6564135866,0.0,0.0
ORD_6567465904,0.0,0.0
ORD_6574426536,0.0,0.0
ORD_6578935177,0.0,0.0
ORD_6579634373,0.0,0.0
ORD_6584271143,0.0,0.0
ORD_6588539542,0.0,0.0
ORD_6588928112,0.0,0.0
ORD_6591732737,0.0,0.0
ORD_6594542459,0.0,0.0
ORD_6594705791,0.0,0.0
ORD_6598723174,0.0,0.0
ORD_6604892293,0.0,0.0
ORD_6604956822,0.0,0.0
ORD_6606393438,0.0,0.0
ORD_6609545703,0.0,0.0
ORD_6614319932,0.0,0.0
ORD_6617156722,0.0,0.0
ORD_6617367061,0.0,0.0
ORD_6619372882,0.0,0.0
ORD_6619477981,0.0,0.0
ORD_6629784429,0.0,0.0
ORD_6632739696,0.0,0.0
ORD_6632740258,0.0,0.0
ORD_6636676387,0.0,0.0
ORD_6638581754,0.0,0.0
ORD_6640258703,0.0,0.0
ORD_6642385052,0.0,0.0
ORD_6643190359,0.0,0.0
ORD_6645175435,0.0,0.0
ORD_6646810782,0.0,0.0
ORD_6648021158,0.0,0.0
ORD_6648969914,0.0,0.0
ORD_6649071881,0.0,0.0
ORD_6649090803,0.0,0.0
ORD_6653712777,0.0,0.0
ORD_6658176933,0.0,0.0
ORD_6659632289,0.0,0.0
ORD_6660053879,0.0,0.0
ORD_6664861860,0.0,0.0
ORD_6668986872,0.0,0.0
ORD_6681040211,0.0,0.0
ORD_6684831763,0.0,0.0
ORD_6685167923,0.0,0.0
ORD_6687537015,0.0,0.0
ORD_6687740126,0.0,0.0
ORD_6692582580,0.0,0.0
ORD_6693006950,0.0,0.0
ORD_6693984896,0.0,0.0
ORD_6701447468,0.0,0.0
ORD_6704588657,0.0,0.0
ORD_6704788963,0.0,0.0
ORD_6707448866,0.0,0.0
ORD_6707621132,0.0,0.0
ORD_6710972471,0.0,0.0
ORD_6711624074,0.0,0.0
ORD_6728888264,0.0,0.0
ORD_6728916022,0.0,0.0
ORD_6730931029,0.0,0.0
ORD_6731049840,0.0,0.0
ORD_6734277131,0.0,0.0
ORD_6737459326,0.0,0.0
ORD_6738938499,0.0,0.0
ORD_6739935554,0.0,0.0
ORD_6743110245,0.0,0.0
ORD_6745384764,0.0,0.0
ORD_6747728972,0.0,0.0
ORD_6751326436,0.0,0.0
ORD_6755257068,0.0,0.0
ORD_6755483846,0.0,0.0
ORD_6757927942,0.0,0.0
ORD_6762191709,0.0,0.0
ORD_6766438663,0.0,0.0
ORD_6769809560,0.0,0.0
ORD_6769882943,0.0,0.0
ORD_6774098473,0.0,0.0
ORD_6774908584,0.0,0.0
ORD_6778459624,0.0,0.0
ORD_6782174296,0.0,0.0
ORD_6782810076,0.0,0.0
ORD_6784314209,0.0,0.0
ORD_6785047248,0.0,0.0
ORD_6785113327,0.0,0.0
ORD_6793513442,0.0,0.0
ORD_6795885507,0.0,0.0
ORD_6803264693,0.0,0.0
ORD_6804613547,0.0,0.0
ORD_6806395311,0.0,0.0
ORD_6808532138,0.0,0.0
ORD_6809625706,0.0,0.0
ORD_6809669693,0.0,0.0
ORD_6814515528,0.0,0.0
ORD_6814813554,0.0,0.0
ORD_6816961424,0.0,0.0
ORD_6817706284,0.0,0.0
ORD_6819089595,0.0,0.0
ORD_6822951370,0.0,0.0
ORD_6823543828,0.0,0.0
ORD_6825923561,0.0,0.0
ORD_6826036097,0.0,0.0
ORD_6827373566,0.0,0.0
ORD_6828892165,0.0,0.0
ORD_6831589228,0.0,0.0
ORD_6833195232,0.0,0.0
ORD_6834309175,0.0,0.0
ORD_6834562410,0.0,0.0
ORD_6836560934,0.0,0.0
ORD_6838457638,0.0,0.0
ORD_6839713913,0.0,0.0
ORD_6843302890,0.0,0.0
ORD_6844239604,0.0,0.0
ORD_6844663755,0.0,0.0
ORD_6844840257,0.0,0.0
ORD_6845528069,0.0,0.0
ORD_6848351699,0.0,0.0
ORD_6852401426,0.0,0.0
ORD_6858107487,0.0,0.0
ORD_6859680501,0.0,0.0
ORD_6860745612,0.0,0.0
ORD_6861445536,0.0,0.0
ORD_6866712451,0.0,0.0
ORD_6867592551,0.0,0.0
ORD_6869152279,0.0,0.0
ORD_6871077988,0.0,0.0
ORD_6871904352,0.0,0.0
ORD_6872103580,0.0,0.0
ORD_6872560726,0.0,0.0
ORD_6873902640,0.0,0.0
ORD_6878205527,0.0,0.0
ORD_6878393741,0.0,0.0
ORD_6878697920,0.0,0.0
ORD_6879156999,0.0,0.0
ORD_6885398857,0.0,0.0
ORD_6886045565,0.0,0.0
ORD_6887334967,0.0,0.0
ORD_6890526883,0.0,0.0
ORD_6896924262,0.0,0.0
ORD_6897449761,0.0,0.0
ORD_6897854477,0.0,0.0
ORD_6900107365,0.0,0.0
ORD_6900235806,0.0,0.0
ORD_6900487024,0.0,0.0
ORD_6900973948,0.0,0.0
ORD_6905689587,0.0,0.0
ORD_6907336988,0.0,0.0
ORD_6908219011,0.0,0.0
ORD_6908704208,0.0,0.0
ORD_6917613196,0.0,0.0
ORD_6920886634,0.0,0.0
ORD_6921669874,0.0,0.0
ORD_6922438567,0.0,0.0
ORD_6923699645,0.0,0.0
ORD_6925768711,0.0,0.0
ORD_6926795367,0.0,0.0
ORD_6927700314,0.0,0.0
ORD_6928689418,0.0,0.0
ORD_6929254496,0.0,0.0
ORD_6929306011,0.0,0.0
ORD_6929919275,0.0,0.0
ORD_6936023781,0.0,0.0
ORD_6938331498,0.0,0.0
ORD_6939299836,0.0,0.0
ORD_6940763545,0.0,0.0
ORD_6945359235,0.0,0.0
ORD_6946275620,0.0,0.0
ORD_6946297741,0.0,0.0
ORD_6948116894,0.0,0.0
ORD_6951005349,0.0,0.0
ORD_6952006421,0.0,0.0
ORD_6952809575,0.0,0.0
ORD_6953810349,0.0,0.0
ORD_6954882451,0.0,0.0
ORD_6955561444,0.0,0.0
ORD_6959848000,0.0,0.0
ORD_6969976428,0.0,0.0
ORD_6970443514,0.0,0.0
ORD_6972562020,0.0,0.0
ORD_6975598202,0.0,0.0
ORD_6976907664,0.0,0.0
ORD_6976949120,0.0,0.0
ORD_6981253985,0.0,0.0
ORD_6982413087,0.0,0.0
ORD_6987646279,0.0,0.0
ORD_6990077200,0.0,0.0
ORD_6997063319,0.0,0.0
ORD_6997332291,0.0,0.0
ORD_6997852886,0.0,0.0
ORD_7002748531,0.0,0.0
ORD_7003239901,0.0,0.0
ORD_7003941147,0.0,0.0
ORD_7004036894,0.0,0.0
ORD_7005046340,0.0,0.0
ORD_7005856781,0.0,0.0
ORD_7010256552,0.0,0.0
ORD_7012884335,0.0,0.0
ORD_7015786860,0.0,0.0
ORD_7018974967,0.0,0.0
ORD_7019339790,0.0,0.0
ORD_7024650872,0.0,0.0
ORD_7026793650,0.0,0.0
ORD_7028849396,0.0,0.0
ORD_7029525366,0.0,0.0
ORD_7030114542,0.0,0.0
ORD_7031217438,0.0,0.0
ORD_7031885289,0.0,0.0
ORD_7034206117,0.0,0.0
ORD_7038780790,0.0,0.0
ORD_7040290860,0.0,0.0
ORD_7047379681,0.0,0.0
ORD_7048512410,0.0,0.0
ORD_7050353383,0.0,0.0
ORD_7060117295,0.0,0.0
ORD_7063171372,0.0,0.0
ORD_7066434590,0.0,0.0
ORD_7066819355,0.0,0.0
ORD_7066905566,0.0,0.0
ORD_7067849391,0.0,0.0
ORD_7067882894,0.0,0.0
ORD_7069130027,0.0,0.0
ORD_7069655476,0.0,0.0
ORD_7073329558,0.0,0.0
ORD_7073336686,0.0,0.0
ORD_7074312412,0.0,0.0
ORD_7074602284,0.0,0.0
ORD_7076637452,0.0,0.0
ORD_7078203646,0.0,0.0
ORD_7086240002,0.0,0.0
ORD_7087659403,0.0,0.0
ORD_7089924563,0.0,0.0
ORD_7090451578,0.0,0.0
ORD_7090516578,0.0,0.0
ORD_7093215667,0.0,0.0
ORD_7100222108,0.0,0.0
ORD_7101812979,0.0,0.0
ORD_7102812769,0.0,0.0
ORD_7102843660,0.0,0.0
ORD_7104198126,0.0,0.0
ORD_7108654803,0.0,0.0
ORD_7108995907,0.0,0.0
ORD_7109166946,0.0,0.0
ORD_7112181033,0.0,0.0
ORD_7118362734,0.0,0.0
ORD_7122352541,0.0,0.0
ORD_7125088356,0.0,0.0
ORD_7125717518,0.0,0.0
ORD_7129394846,0.0,0.0
ORD_7129972645,0.0,0.0
ORD_7130121772,0.0,0.0
ORD_7130820564,0.0,0.0
ORD_7132735316,0.0,0.0
ORD_7134583930,0.0,0.0
ORD_7135491917,0.0,0.0
ORD_7136057606,0.0,0.0
ORD_7141199665,0.0,0.0
ORD_7148225160,0.0,0.0
ORD_7149767129,0.0,0.0
ORD_7150889677,0.0,0.0
ORD_7151944175,0.0,0.0
ORD_7153289093,0.0,0.0
ORD_7153837545,0.0,0.0
ORD_7155539975,0.0,0.0
ORD_7158280405,0.0,0.0
ORD_7159674244,0.0,0.0
ORD_7162121933,0.0,0.0
ORD_7163534647,0.0,0.0
ORD_7166043563,0.0,0.0
ORD_7168012352,0.0,0.0
ORD_7170107766,0.0,0.0
ORD_7171539757,0.0,0.0
ORD_7176787306,0.0,0.0
ORD_7177787155,0.0,0.0
ORD_7178125272,0.0,0.0
ORD_7179435129,0.0,0.0
ORD_7179694890,0.0,0.0
ORD_7179940649,0.0,0.0
ORD_7180823571,0.0,0.0
ORD_7181096833,0.0,0.0
ORD_7181638017,0.0,0.0
ORD_7187683192,0.0,0.0
ORD_7188206322,0.0,0.0
ORD_7188775491,0.0,0.0
ORD_7192533231,0.0,0.0
ORD_7195498370,0.0,0.0
ORD_7197625851,0.0,0.0
ORD_7200138519,0.0,0.0
ORD_7200298627,0.0,0.0
ORD_7201566744,0.0,0.0
ORD_7201618086,0.0,0.0
ORD_7202598292,0.0,0.0
ORD_7203782233,0.0,0.0
ORD_7208232026,0.0,0.0
ORD_7208817953,0.0,0.0
ORD_7209012381,0.0,0.0
ORD_7213200684,0.0,0.0
ORD_7215154833,0.0,0.0
ORD_7216170127,0.0,0.0
ORD_7219660237,0.0,0.0
ORD_7223787770,0.0,0.0
ORD_7226726007,0.0,0.0
ORD_7227062074,0.0,0.0
ORD_7232595062,0.0,0.0
ORD_7235042881,0.0,0.0
ORD_7235669091,0.0,0.0
ORD_7236360111,0.0,0.0
ORD_7239805677,0.0,0.0
ORD_7240295462,0.0,0.0
ORD_7248929174,0.0,0.0
ORD_7249695724,0.0,0.0
ORD_7252058999,0.0,0.0
ORD_7252621095,0.0,0.0
ORD_7254382575,0.0,0.0
ORD_7259853950,0.0,0.0
ORD_7260162699,0.0,0.0
ORD_7260760640,0.0,0.0
ORD_7265069445,0.0,0.0
ORD_7270854650,0.0,0.0
ORD_7271645682,0.0,0.0
ORD_7274294118,0.0,0.0
ORD_7274910252,0.0,0.0
ORD_7276081135,0.0,0.0
ORD_7285636461,0.0,0.0
ORD_7286277303,0.0,0.0
ORD_7288085004,0.0,0.0
ORD_7290047893,0.0,0.0
ORD_7290538045,0.0,0.0
ORD_7292003163,0.0,0.0
ORD_7294963083,0.0,0.0
ORD_7297573047,0.0,0.0
ORD_7302123729,0.0,0.0
ORD_7302839355,0.0,0.0
ORD_7307268103,0.0,0.0
ORD_7307695852,0.0,0.0
ORD_7318650585,0.0,0.0
ORD_7319113728,0.0,0.0
ORD_7319181781,0.0,0.0
ORD_7320449946,0.0,0.0
ORD_7320911914,0.0,0.0
ORD_7323468083,0.0,0.0
ORD_7323868013,0.0,0.0
ORD_7324617100,0.0,0.0
ORD_7326441712,0.0,0.0
ORD_7327314309,0.0,0.0
ORD_7330019486,0.0,0.0
ORD_7330046177,0.0,0.0
ORD_7330541192,0.0,0.0
ORD_7331797710,0.0,0.0
ORD_7332193232,0.0,0.0
ORD_7332800120,0.0,0.0
ORD_7335002435,0.0,0.0
ORD_7335801088,0.0,0.0
ORD_7339443800,0.0,0.0
ORD_7341255806,0.0,0.0
ORD_7342972974,0.0,0.0
ORD_7351041092,0.0,0.0
ORD_7352182024,0.0,0.0
ORD_7352700308,0.0,0.0
ORD_7353163004,0.0,0.0
ORD_7356873574,0.0,0.0
ORD_7358026480,0.0,0.0
ORD_7358696977,0.0,0.0
ORD_7358867396,0.0,0.0
ORD_7359022051,0.0,0.0
ORD_7360587535,0.0,0.0
ORD_7362426257,0.0,0.0
ORD_7363490988,0.0,0.0
ORD_7363794588,0.0,0.0
ORD_7366104209,0.0,0.0
ORD_7367285787,0.0,0.0
ORD_7369479388,0.0,0.0
ORD_7375543758,0.0,0.0
ORD_7376407017,0.0,0.0
ORD_7377304859,0.0,0.0
ORD_7377777796,0.0,0.0
ORD_7379973463,0.0,0.0
ORD_7382108572,0.0,0.0
ORD_7382427168,0.0,0.0
ORD_7383150954,0.0,0.0
ORD_7384081666,0.0,0.0
ORD_7387738539,0.0,0.0
ORD_7391588102,0.0,0.0
ORD_7393257393,0.0,0.0
ORD_7394711799,0.0,0.0
ORD_7398917547,0.0,0.0
ORD_7401426647,0.0,0.0
ORD_7403213478,0.0,0.0
ORD_7406141776,0.0,0.0
ORD_7406225026,0.0,0.0
ORD_7406306991,0.0,0.0
ORD_7407047835,0.0,0.0
ORD_7408135256,0.0,0.0
ORD_7412363332,0.0,0.0
ORD_7412590114,0.0,0.0
ORD_7418122517,0.0,0.0
ORD_7418459944,0.0,0.0
ORD_7418893836,0.0,0.0
ORD_7421894169,0.0,0.0
ORD_7422749742,0.0,0.0
ORD_7423219000,0.0,0.0
ORD_7424163053,0.0,0.0
ORD_7426464928,0.0,0.0
ORD_7428393872,0.0,0.0
ORD_7432160368,0.0,0.0
ORD_7433058746,0.0,0.0
ORD_7433952328,0.0,0.0
ORD_7434063944,0.0,0.0
ORD_7439461596,0.0,0.0
ORD_7444015974,0.0,0.0
ORD_7446289855,0.0,0.0
ORD_7447291463,0.0,0.0
ORD_7449892398,0.0,0.0
ORD_7454745799,0.0,0.0
ORD_7454783736,0.0,0.0
ORD_7455189489,0.0,0.0
ORD_7458546273,0.0,0.0
ORD_7458958027,0.0,0.0
ORD_7461505280,0.0,0.0
ORD_7464836147,0.0,0.0
ORD_7465730162,0.0,0.0
ORD_7468007723,0.0,0.0
ORD_7470132557,0.0,0.0
ORD_7470631591,0.0,0.0
ORD_7475219819,0.0,0.0
ORD_7476123303,0.0,0.0
ORD_7478872121,0.0,0.0
ORD_7479863681,0.0,0.0
ORD_7483851355,0.0,0.0
ORD_7486685180,0.0,0.0
ORD_7488205079,0.0,0.0
ORD_7496178167,0.0,0.0
ORD_7497241573,0.0,0.0
ORD_7500111730,0.0,0.0
ORD_7502546957,0.0,0.0
ORD_7503635695,0.0,0.0
ORD_7506528474,0.0,0.0
ORD_7507373047,0.0,0.0
ORD_7508234055,0.0,0.0
ORD_7510137831,0.0,0.0
ORD_7512370200,0.0,0.0
ORD_7516941650,0.0,0.0
ORD_7521052136,0.0,0.0
ORD_7522174376,0.0,0.0
ORD_7524062533,0.0,0.0
ORD_7526419952,0.0,0.0
ORD_7529434049,0.0,0.0
ORD_7534486887,0.0,0.0
ORD_7536574247,0.0,0.0
ORD_7538231709,0.0,0.0
ORD_7539436579,0.0,0.0
ORD_7541792576,0.0,0.0
ORD_7551770736,0.0,0.0
ORD_7553437963,0.0,0.0
ORD_7555296800,0.0,0.0
ORD_7556658086,0.0,0.0
ORD_7558671984,0.0,0.0
ORD_7563412100,0.0,0.0
ORD_7564811591,0.0,0.0
ORD_7566365521,0.0,0.0
ORD_7566950089,0.0,0.0
ORD_7570856148,0.0,0.0
ORD_7572562758,0.0,0.0
ORD_7575597389,0.0,0.0
ORD_7576205611,0.0,0.0
ORD_7578405449,0.0,0.0
ORD_7579874616,0.0,0.0
ORD_7579891007,0.0,0.0
ORD_7579895319,0.0,0.0
ORD_7581134955,0.0,0.0
ORD_7582544165,0.0,0.0
ORD_7585250303,0.0,0.0
ORD_7588310897,0.0,0.0
ORD_7591709818,0.0,0.0
ORD_7594539832,0.0,0.0
ORD_7596738330,0.0,0.0
ORD_7597691107,0.0,0.0
ORD_7604180681,0.0,0.0
ORD_7606826990,0.0,0.0
ORD_7612370104,0.0,0.0
ORD_7612868749,0.0,0.0
ORD_7615318895,0.0,0.0
ORD_7618890758,0.0,0.0
ORD_7619061610,0.0,0.0
ORD_7619603962,0.0,0.0
ORD_7622689344,0.0,0.0
ORD_7628703863,0.0,0.0
ORD_7629531484,0.0,0.0
ORD_7629650993,0.0,0.0
ORD_7629652963,0.0,0.0
ORD_7630581197,0.0,0.0
ORD_7633673789,0.0,0.0
ORD_7636272391,0.0,0.0
ORD_7636342077,0.0,0.0
ORD_7638512306,0.0,0.0
ORD_7639642462,0.0,0.0
ORD_7640724700,0.0,0.0
ORD_7643730926,0.0,0.0
ORD_7646907957,0.0,0.0
ORD_7647573924,0.0,0.0
ORD_7652875655,0.0,0.0
ORD_7654151811,0.0,0.0
ORD_7656353339,0.0,0.0
ORD_7656449730,0.0,0.0
ORD_7663553619,0.0,0.0
ORD_7665928334,0.0,0.0
ORD_7666989101,0.0,0.0
ORD_7667423944,0.0,0.0
ORD_7668771033,0.0,0.0
ORD_7669400139,0.0,0.0
ORD_7677356710,0.0,0.0
ORD_7681206493,0.0,0.0
ORD_7683069732,0.0,0.0
ORD_7684101803,0.0,0.0
ORD_7685652088,0.0,0.0
ORD_7685857274,0.0,0.0
ORD_7687356923,0.0,0.0
ORD_7688617356,0.0,0.0
ORD_7689456591,0.0,0.0
ORD_7689508261,0.0,0.0
ORD_7690651450,0.0,0.0
ORD_7693089080,0.0,0.0
ORD_7694688028,0.0,0.0
ORD_7696382232,0.0,0.0
ORD_7698252568,0.0,0.0
ORD_7702173376,0.0,0.0
ORD_7702539630,0.0,0.0
ORD_7702563494,0.0,0.0
ORD_7704899021,0.0,0.0
ORD_7710590835,0.0,0.0
ORD_7711190439,0.0,0.0
ORD_7715366387,0.0,0.0
ORD_7716075434,0.0,0.0
ORD_7716261301,0.0,0.0
ORD_7720320287,0.0,0.0
ORD_7722019017,0.0,0.0
ORD_7722739447,0.0,0.0
ORD_7723644350,0.0,0.0
ORD_7724777499,0.0,0.0
ORD_7725380357,0.0,0.0
ORD_7726018936,0.0,0.0
ORD_7726858572,0.0,0.0
ORD_7728451405,0.0,0.0
ORD_7733916878,0.0,0.0
ORD_7734276398,0.0,0.0
ORD_7734374967,0.0,0.0
ORD_7735566699,0.0,0.0
ORD_7736511989,0.0,0.0
ORD_7738000570,0.0,0.0
ORD_7738976543,0.0,0.0
ORD_7739270661,0.0,0.0
ORD_7740892218,0.0,0.0
ORD_7742652413,0.0,0.0
ORD_7744502398,0.0,0.0
ORD_7747062961,0.0,0.0
ORD_7761630042,0.0,0.0
ORD_7763154143,0.0,0.0
ORD_7764517641,0.0,0.0
ORD_7766212711,0.0,0.0
ORD_7769371825,0.0,0.0
ORD_7776329064,0.0,0.0
ORD_7776641399,0.0,0.0
ORD_7776799994,0.0,0.0
ORD_7776885489,0.0,0.0
ORD_7777108199,0.0,0.0
ORD_7778442796,0.0,0.0
ORD_7780345906,0.0,0.0
ORD_7780571860,0.0,0.0
ORD_7782886917,0.0,0.0
ORD_7786121195,0.0,0.0
ORD_7786754429,0.0,0.0
ORD_7788854439,0.0,0.0
ORD_7789189474,0.0,0.0
ORD_7790644034,0.0,0.0
ORD_7790840596,0.0,0.0
ORD_7791807273,0.0,0.0
ORD_7791984154,0.0,0.0
ORD_7799196524,0.0,0.0
ORD_7799245166,0.0,0.0
ORD_7803351922,0.0,0.0
ORD_7804513919,0.0,0.0
ORD_7806834086,0.0,0.0
ORD_7810385744,0.0,0.0
ORD_7810390110,0.0,0.0
ORD_7811300731,0.0,0.0
ORD_7821272532,0.0,0.0
ORD_7821529019,0.0,0.0
ORD_7821634496,0.0,0.0
ORD_7822472795,0.0,0.0
ORD_7823178261,0.0,0.0
ORD_7829801726,0.0,0.0
ORD_7831422617,0.0,0.0
ORD_7833582818,0.0,0.0
ORD_7838474389,0.0,0.0
ORD_7838906412,0.0,0.0
ORD_7838983830,0.0,0.0
ORD_7839366302,0.0,0.0
ORD_7839593728,0.0,0.0
ORD_7843182409,0.0,0.0
ORD_7844827318,0.0,0.0
ORD_7852689213,0.0,0.0
ORD_7853806661,0.0,0.0
ORD_7856968977,0.0,0.0
ORD_7857528607,0.0,0.0
ORD_7858853530,0.0,0.0
ORD_7860152271,0.0,0.0
ORD_7861939348,0.0,0.0
ORD_7879038708,0.0,0.0
ORD_7887300935,0.0,0.0
ORD_7888281681,0.0,0.0
ORD_7889184622,0.0,0.0
ORD_7889228657,0.0,0.0
ORD_7889849758,0.0,0.0
ORD_7890403327,0.0,0.0
ORD_7897566119,0.0,0.0
ORD_7900328884,0.0,0.0
ORD_7904752872,0.0,0.0
ORD_7907141317,0.0,0.0
ORD_7908444009,0.0,0.0
ORD_7910004399,0.0,0.0
ORD_7910985546,0.0,0.0
ORD_7910985611,0.0,0.0
ORD_7912147163,0.0,0.0
ORD_7913325361,0.0,0.0
ORD_7914413416,0.0,0.0
ORD_7915800734,0.0,0.0
ORD_7920480228,0.0,0.0
ORD_7922834374,0.0,0.0
ORD_7923139027,0.0,0.0
ORD_7931911189,0.0,0.0
ORD_7933565771,0.0,0.0
ORD_7935163671,0.0,0.0
ORD_7935372629,0.0,0.0
ORD_7936274352,0.0,0.0
ORD_7937053239,0.0,0.0
ORD_7937387883,0.0,0.0
ORD_7940541118,0.0,0.0
ORD_7941235247,0.0,0.0
ORD_7942767313,0.0,0.0
ORD_7943942638,0.0,0.0
ORD_7944132736,0.0,0.0
ORD_7945363230,0.0,0.0
ORD_7948705670,0.0,0.0
ORD_7949931507,0.0,0.0
ORD_7956904357,0.0,0.0
ORD_7961474013,0.0,0.0
ORD_7968191508,0.0,0.0
ORD_7975077569,0.0,0.0
ORD_7975644564,0.0,0.0
ORD_7979146869,0.0,0.0
ORD_7983354699,0.0,0.0
ORD_7983964975,0.0,0.0
ORD_7985262264,0.0,0.0
ORD_7986404663,0.0,0.0
ORD_7991129740,0.0,0.0
ORD_7992345685,0.0,0.0
ORD_7993827788,0.0,0.0
ORD_7995813554,0.0,0.0
ORD_7995885609,0.0,0.0
ORD_7998727497,0.0,0.0
ORD_8000079631,0.0,0.0
ORD_8002138902,0.0,0.0
ORD_8002847602,0.0,0.0
ORD_8006620653,0.0,0.0
ORD_8006808634,0.0,0.0
ORD_8008621300,0.0,0.0
ORD_8011056135,0.0,0.0
ORD_8014081262,0.0,0.0
ORD_8017273611,0.0,0.0
ORD_8019035123,0.0,0.0
ORD_8021613208,0.0,0.0
ORD_8030526590,0.0,0.0
ORD_8034021967,0.0,0.0
ORD_8036856292,0.0,0.0
ORD_8036953434,0.0,0.0
ORD_8038498908,0.0,0.0
ORD_8039509755,0.0,0.0
ORD_8040318340,0.0,0.0
ORD_8040498726,0.0,0.0
ORD_8043118681,0.0,0.0
ORD_8043755729,0.0,0.0
ORD_8044852698,0.0,0.0
ORD_8049093505,0.0,0.0
ORD_8050132740,0.0,0.0
ORD_8052279715,0.0,0.0
ORD_8053091382,0.0,0.0
ORD_8054150109,0.0,0.0
ORD_8054204540,0.0,0.0
ORD_8055136693,0.0,0.0
ORD_8063130918,0.0,0.0
ORD_8065721780,0.0,0.0
ORD_8067331870,0.0,0.0
ORD_8069134403,0.0,0.0
ORD_8072603961,0.0,0.0
ORD_8073269271,0.0,0.0
ORD_8076331778,0.0,0.0
ORD_8080608051,0.0,0.0
ORD_8081784130,0.0,0.0
ORD_8084878849,0.0,0.0
ORD_8095846822,0.0,0.0
ORD_8096714899,0.0,0.0
ORD_8100034289,0.0,0.0
ORD_8100344578,0.0,0.0
ORD_8102117599,0.0,0.0
ORD_8104170877,0.0,0.0
ORD_8105253735,0.0,0.0
ORD_8106015362,0.0,0.0
ORD_8107364178,0.0,0.0
ORD_8107712617,0.0,0.0
ORD_8108695770,0.0,0.0
ORD_8120115593,0.0,0.0
ORD_8121421776,0.0,0.0
ORD_8124904460,0.0,0.0
ORD_8132604919,0.0,0.0
ORD_8132828274,0.0,0.0
ORD_8134207288,0.0,0.0
ORD_8136717639,0.0,0.0
ORD_8136720856,0.0,0.0
ORD_8137000328,0.0,0.0
ORD_8138219839,0.0,0.0
ORD_8139778731,0.0,0.0
ORD_8140811909,0.0,0.0
ORD_8142840968,0.0,0.0
ORD_8143049030,0.0,0.0
ORD_8144222320,0.0,0.0
ORD_8145193952,0.0,0.0
ORD_8149734047,0.0,0.0
ORD_8152959244,0.0,0.0
ORD_8158806541,0.0,0.0
ORD_8169796443,0.0,0.0
ORD_8175885462,0.0,0.0
ORD_8178080118,0.0,0.0
ORD_8179635433,0.0,0.0
ORD_8180122260,0.0,0.0
ORD_8188319475,0.0,0.0
ORD_8188744280,0.0,0.0
ORD_8189682909,0.0,0.0
ORD_8192066060,0.0,0.0
ORD_8192599065,0.0,0.0
ORD_8194406752,0.0,0.0
ORD_8194448120,0.0,0.0
ORD_8194486764,0.0,0.0
ORD_8194894348,0.0,0.0
ORD_8201975810,0.0,0.0
ORD_8204940831,0.0,0.0
ORD_8208512006,0.0,0.0
ORD_8209076565,0.0,0.0
ORD_8213099984,0.0,0.0
ORD_8214584473,0.0,0.0
ORD_8215502401,0.0,0.0
ORD_8216137612,0.0,0.0
ORD_8217243222,0.0,0.0
ORD_8218189020,0.0,0.0
ORD_8222077356,0.0,0.0
ORD_8222456623,0.0,0.0
ORD_8225881183,0.0,0.0
ORD_8227546388,0.0,0.0
ORD_8228542944,0.0,0.0
ORD_8230163613,0.0,0.0
ORD_8231793286,0.0,0.0
ORD_8234556098,0.0,0.0
ORD_8235172531,0.0,0.0
ORD_8235457115,0.0,0.0
ORD_8244087668,0.0,0.0
ORD_8245481504,0.0,0.0
ORD_8247173876,0.0,0.0
ORD_8255029308,0.0,0.0
ORD_8257244894,0.0,0.0
ORD_8257265461,0.0,0.0
ORD_8262926490,0.0,0.0
ORD_8264496443,0.0,0.0
ORD_8266108831,0.0,0.0
ORD_8270947009,0.0,0.0
ORD_8272250620,0.0,0.0
ORD_8275052381,0.0,0.0
ORD_8281552930,0.0,0.0
ORD_8283409045,0.0,0.0
ORD_8283426572,0.0,0.0
ORD_8285240780,0.0,0.0
ORD_8286108764,0.0,0.0
ORD_8287267750,0.0,0.0
ORD_8287306966,0.0,0.0
ORD_8292422328,0.0,0.0
ORD_8296784098,0.0,0.0
ORD_8297281839,0.0,0.0
ORD_8297735073,0.0,0.0
ORD_8299007811,0.0,0.0
ORD_8301542689,0.0,0.0
ORD_8307088045,0.0,0.0
ORD_8308615952,0.0,0.0
ORD_8309115753,0.0,0.0
ORD_8311295858,0.0,0.0
ORD_8312326524,0.0,0.0
ORD_8322154494,0.0,0.0
ORD_8332810243,0.0,0.0
ORD_8337753785,0.0,0.0
ORD_8340835256,0.0,0.0
ORD_8344197239,0.0,0.0
ORD_8347422148,0.0,0.0
ORD_8347469539,0.0,0.0
ORD_8347799340,0.0,0.0
ORD_8349773004,0.0,0.0
ORD_8352432964,0.0,0.0
ORD_8360040478,0.0,0.0
ORD_8360194477,0.0,0.0
ORD_8360297910,0.0,0.0
ORD_8360987484,0.0,0.0
ORD_8366881169,0.0,0.0
ORD_8372376094,0.0,0.0
ORD_8372868071,0.0,0.0
ORD_8377395484,0.0,0.0
ORD_8380670153,0.0,0.0
ORD_8396946984,0.0,0.0
ORD_8402835671,0.0,0.0
ORD_8404658362,0.0,0.0
ORD_8408786706,0.0,0.0
ORD_8410975425,0.0,0.0
ORD_8413859439,0.0,0.0
ORD_8416961194,0.0,0.0
ORD_8421666679,0.0,0.0
ORD_8425845166,0.0,0.0
ORD_8432144471,0.0,0.0
ORD_8432690487,0.0,0.0
ORD_8432983830,0.0,0.0
ORD_8441253041,0.0,0.0
ORD_8444100130,0.0,0.0
ORD_8444232809,0.0,0.0
ORD_8452237344,0.0,0.0
ORD_8453389096,0.0,0.0
ORD_8453624681,0.0,0.0
ORD_8454391896,0.0,0.0
ORD_8459976931,0.0,0.0
ORD_8460600736,0.0,0.0
ORD_8461412661,0.0,0.0
ORD_8465177698,0.0,0.0
ORD_8467549741,0.0,0.0
ORD_8467558744,0.0,0.0
ORD_8468972318,0.0,0.0
ORD_8468999867,0.0,0.0
ORD_8476029753,0.0,0.0
ORD_8477198972,0.0,0.0
ORD_8479977866,0.0,0.0
ORD_8481486552,0.0,0.0
ORD_8487786557,0.0,0.0
ORD_8490911777,0.0,0.0
ORD_8491048984,0.0,0.0
ORD_8491133433,0.0,0.0
ORD_8495099322,0.0,0.0
ORD_8499693848,0.0,0.0
ORD_8499739640,0.0,0.0
ORD_8502733514,0.0,0.0
ORD_8503713574,0.0,0.0
ORD_8509156174,0.0,0.0
ORD_8509694478,0.0,0.0
ORD_8512185792,0.0,0.0
ORD_8517724766,0.0,0.0
ORD_8518143305,0.0,0.0
ORD_8518398691,0.0,0.0
ORD_8523160437,0.0,0.0
ORD_8524200964,0.0,0.0
ORD_8525913347,0.0,0.0
ORD_8525936108,0.0,0.0
ORD_8527347084,0.0,0.0
ORD_8528071712,0.0,0.0
ORD_8533395506,0.0,0.0
ORD_8534270443,0.0,0.0
ORD_8536669633,0.0,0.0
ORD_8537257318,0.0,0.0
ORD_8537384563,0.0,0.0
ORD_8538995023,0.0,0.0
ORD_8540045763,0.0,0.0
ORD_8541063879,0.0,0.0
ORD_8541105676,0.0,0.0
ORD_8541352637,0.0,0.0
ORD_8542104649,0.0,0.0
ORD_8544984141,0.0,0.0
ORD_8545231227,0.0,0.0
ORD_8545940131,0.0,0.0
ORD_8547357173,0.0,0.0
ORD_8550410956,0.0,0.0
ORD_8550543254,0.0,0.0
ORD_8550961287,0.0,0.0
ORD_8551473383,0.0,0.0
ORD_8552918380,0.0,0.0
ORD_8560130483,0.0,0.0
ORD_8562262719,0.0,0.0
ORD_8562696958,0.0,0.0
ORD_8564324127,0.0,0.0
ORD_8565104931,0.0,0.0
ORD_8566367067,0.0,0.0
ORD_8567256328,0.0,0.0
ORD_8568833139,0.0,0.0
ORD_8574222005,0.0,0.0
ORD_8574548325,0.0,0.0
ORD_8574691815,0.0,0.0
ORD_8581107891,0.0,0.0
ORD_8583169277,0.0,0.0
ORD_8591949716,0.0,0.0
ORD_8593026077,0.0,0.0
ORD_8594646007,0.0,0.0
ORD_8600047262,0.0,0.0
ORD_8601203001,0.0,0.0
ORD_8601792280,0.0,0.0
ORD_8603491038,0.0,0.0
ORD_8605551181,0.0,0.0
ORD_8607201268,0.0,0.0
ORD_8609471089,0.0,0.0
ORD_8609895595,0.0,0.0
ORD_8611934248,0.0,0.0
ORD_8614323179,0.0,0.0
ORD_8615274894,0.0,0.0
ORD_8619417425,0.0,0.0
ORD_8619831936,0.0,0.0
ORD_8632004106,0.0,0.0
ORD_8633785510,0.0,0.0
ORD_8636551567,0.0,0.0
ORD_8639704147,0.0,0.0
ORD_8645134412,0.0,0.0
ORD_8646403146,0.0,0.0
ORD_8646903377,0.0,0.0
ORD_8648936698,0.0,0.0
ORD_8651147961,0.0,0.0
ORD_8653313753,0.0,0.0
ORD_8656198822,0.0,0.0
ORD_8657899918,0.0,0.0
ORD_8661282865,0.0,0.0
ORD_8668618272,0.0,0.0
ORD_8669304846,0.0,0.0
ORD_8670179439,0.0,0.0
ORD_8672034009,0.0,0.0
ORD_8672428503,0.0,0.0
ORD_8672689656,0.0,0.0
ORD_8672912774,0.0,0.0
ORD_8676776692,0.0,0.0
ORD_8676965776,0.0,0.0
ORD_8677450104,0.0,0.0
ORD_8677899370,0.0,0.0
ORD_8678200664,0.0,0.0
ORD_8680496419,0.0,0.0
ORD_8683140213,0.0,0.0
ORD_8685312730,0.0,0.0
ORD_8686434675,0.0,0.0
ORD_8690672713,0.0,0.0
ORD_8693091163,0.0,0.0
ORD_8698079110,0.0,0.0
ORD_8698968866,0.0,0.0
ORD_8699060916,0.0,0.0
ORD_8699481099,0.0,0.0
ORD_8700008484,0.0,0.0
ORD_8700926725,0.0,0.0
ORD_8701729928,0.0,0.0
ORD_8702100562,0.0,0.0
ORD_8703313709,0.0,0.0
ORD_8703850440,0.0,0.0
ORD_8710800229,0.0,0.0
ORD_8712757803,0.0,0.0
ORD_8713437372,0.0,0.0
ORD_8713769641,0.0,0.0
ORD_8713998799,0.0,0.0
ORD_8715724548,0.0,0.0
ORD_8715877569,0.0,0.0
ORD_8718542609,0.0,0.0
ORD_8719714707,0.0,0.0
ORD_8725079840,0.0,0.0
ORD_8726605903,0.0,0.0
ORD_8729542816,0.0,0.0
ORD_8733814646,0.0,0.0
ORD_8741322603,0.0,0.0
ORD_8743243687,0.0,0.0
ORD_8743398869,0.0,0.0
ORD_8744617053,0.0,0.0
ORD_8750420909,0.0,0.0
ORD_8751048354,0.0,0.0
ORD_8753987150,0.0,0.0
ORD_8754020218,0.0,0.0
ORD_8755510702,0.0,0.0
ORD_8760065334,0.0,0.0
ORD_8763991868,0.0,0.0
ORD_8764783411,0.0,0.0
ORD_8765135465,0.0,0.0
ORD_8765666802,0.0,0.0
ORD_8772846074,0.0,0.0
ORD_8773197441,0.0,0.0
ORD_8773450123,0.0,0.0
ORD_8773906274,0.0,0.0
ORD_8774684148,0.0,0.0
ORD_8780428490,0.0,0.0
ORD_8782009856,0.0,0.0
ORD_8790667970,0.0,0.0
ORD_8791465847,0.0,0.0
ORD_8791884679,0.0,0.0
ORD_8792591640,0.0,0.0
ORD_8795435823,0.0,0.0
ORD_8799793876,0.0,0.0
ORD_8800057947,0.0,0.0
ORD_8801400980,0.0,0.0
ORD_8801696478,0.0,0.0
ORD_8801716516,0.0,0.0
ORD_8802615349,0.0,0.0
ORD_8805089113,0.0,0.0
ORD_8808155417,0.0,0.0
ORD_8814099574,0.0,0.0
ORD_8818554591,0.0,0.0
ORD_8821550966,0.0,0.0
ORD_8834942112,0.0,0.0
ORD_8837136670,0.0,0.0
ORD_8837399723,0.0,0.0
ORD_8837794781,0.0,0.0
ORD_8839757572,0.0,0.0
ORD_8862711669,0.0,0.0
ORD_8863884577,0.0,0.0
ORD_8864443594,0.0,0.0
ORD_8864789100,0.0,0.0
ORD_8865894850,0.0,0.0
ORD_8868179594,0.0,0.0
ORD_8869639518,0.0,0.0
ORD_8872870530,0.0,0.0
ORD_8873322056,0.0,0.0
ORD_8875632929,0.0,0.0
ORD_8880717402,0.0,0.0
ORD_8880740257,0.0,0.0
ORD_8881263444,0.0,0.0
ORD_8883759039,0.0,0.0
ORD_8886531418,0.0,0.0
ORD_8887444492,0.0,0.0
ORD_8890088770,0.0,0.0
ORD_8893210079,0.0,0.0
ORD_8894931176,0.0,0.0
ORD_8899089770,0.0,0.0
ORD_8899363335,0.0,0.0
ORD_8901652327,0.0,0.0
ORD_8902232926,0.0,0.0
ORD_8906209670,0.0,0.0
ORD_8907862277,0.0,0.0
ORD_8908051307,0.0,0.0
ORD_8913339506,0.0,0.0
ORD_8914943838,0.0,0.0
ORD_8918220352,0.0,0.0
ORD_8922806358,0.0,0.0
ORD_8924259261,0.0,0.0
ORD_8924604408,0.0,0.0
ORD_8925561525,0.0,0.0
ORD_8932989384,0.0,0.0
ORD_8940478383,0.0,0.0
ORD_8949004861,0.0,0.0
ORD_8954928749,0.0,0.0
ORD_8960236906,0.0,0.0
ORD_8964664705,0.0,0.0
ORD_8966478465,0.0,0.0
ORD_8966493505,0.0,0.0
ORD_8972856794,0.0,0.0
ORD_8975922489,0.0,0.0
ORD_8977234701,0.0,0.0
ORD_8983329191,0.0,0.0
ORD_8985823422,0.0,0.0
ORD_8985866242,0.0,0.0
ORD_8988369020,0.0,0.0
ORD_8992142682,0.0,0.0
ORD_8995255054,0.0,0.0
ORD_8996223333,0.0,0.0
ORD_9000110914,0.0,0.0
ORD_9000137683,0.0,0.0
ORD_9001027457,0.0,0.0
ORD_9001820522,0.0,0.0
ORD_9001994344,0.0,0.0
ORD_9002279586,0.0,0.0
ORD_9003066316,0.0,0.0
ORD_9003904101,0.0,0.0
ORD_9006879356,0.0,0.0
ORD_9007943266,0.0,0.0
ORD_9008328747,0.0,0.0
ORD_9008931950,0.0,0.0
ORD_9009646653,0.0,0.0
ORD_9011437072,0.0,0.0
ORD_9011748310,0.0,0.0
ORD_9014061381,0.0,0.0
ORD_9016142260,0.0,0.0
ORD_9021537036,0.0,0.0
ORD_9025838892,0.0,0.0
ORD_9026280936,0.0,0.0
ORD_9027173257,0.0,0.0
ORD_9028012762,0.0,0.0
ORD_9029073060,0.0,0.0
ORD_9034199277,0.0,0.0
ORD_9034353275,0.0,0.0
ORD_9037854872,0.0,0.0
ORD_9043458939,0.0,0.0
ORD_9045612816,0.0,0.0
ORD_9049266316,0.0,0.0
ORD_9052688573,0.0,0.0
ORD_9054457887,0.0,0.0
ORD_9054632845,0.0,0.0
ORD_9060717850,0.0,0.0
ORD_9063076309,0.0,0.0
ORD_9066592838,0.0,0.0
ORD_9066784665,0.0,0.0
ORD_9069145975,0.0,0.0
ORD_9070075977,0.0,0.0
ORD_9070623239,0.0,0.0
ORD_9070919444,0.0,0.0
ORD_9071470191,0.0,0.0
ORD_9073251587,0.0,0.0
ORD_9073289504,0.0,0.0
ORD_9076398283,0.0,0.0
ORD_9077668802,0.0,0.0
ORD_9079083895,0.0,0.0
ORD_9092079970,0.0,0.0
ORD_9092157244,0.0,0.0
ORD_9093329318,0.0,0.0
ORD_9094265628,0.0,0.0
ORD_9095721724,0.0,0.0
ORD_9096238926,0.0,0.0
ORD_9097212292,0.0,0.0
ORD_9100721378,0.0,0.0
ORD_9101354771,0.0,0.0
ORD_9102131788,0.0,0.0
ORD_9102426405,0.0,0.0
ORD_9103552969,0.0,0.0
ORD_9104655786,0.0,0.0
ORD_9107930562,0.0,0.0
ORD_9110238490,0.0,0.0
ORD_9114144251,0.0,0.0
ORD_9124876542,0.0,0.0
ORD_9126692060,0.0,0.0
ORD_9128775152,0.0,0.0
ORD_9128879255,0.0,0.0
ORD_9130583012,0.0,0.0
ORD_9131897293,0.0,0.0
ORD_9132060098,0.0,0.0
ORD_9136726307,0.0,0.0
ORD_9137361666,0.0,0.0
ORD_9141296892,0.0,0.0
ORD_9144117326,0.0,0.0
ORD_9144495480,0.0,0.0
ORD_9145047507,0.0,0.0
ORD_9145232108,0.0,0.0
ORD_9152138551,0.0,0.0
ORD_9164728343,0.0,0.0
ORD_9165629994,0.0,0.0
ORD_9167657492,0.0,0.0
ORD_9171171882,0.0,0.0
ORD_9175015145,0.0,0.0
ORD_9177071999,0.0,0.0
ORD_9177701830,0.0,0.0
ORD_9178019765,0.0,0.0
ORD_9178239517,0.0,0.0
ORD_9180081186,0.0,0.0
ORD_9180883107,0.0,0.0
ORD_9184245728,0.0,0.0
ORD_9186100439,0.0,0.0
ORD_9191242167,0.0,0.0
ORD_9199514990,0.0,0.0
ORD_9200085635,0.0,0.0
ORD_9202095962,0.0,0.0
ORD_9202304527,0.0,0.0
ORD_9205989685,0.0,0.0
ORD_9207464389,0.0,0.0
ORD_9207514725,0.0,0.0
ORD_9210499198,0.0,0.0
ORD_9213857436,0.0,0.0
ORD_9214576391,0.0,0.0
ORD_9216070138,0.0,0.0
ORD_9216700946,0.0,0.0
ORD_9218051184,0.0,0.0
ORD_9219424420,0.0,0.0
ORD_9223780389,0.0,0.0
ORD_9226209115,0.0,0.0
ORD_9227027568,0.0,0.0
ORD_9229183672,0.0,0.0
ORD_9231703844,0.0,0.0
ORD_9236800699,0.0,0.0
ORD_9238347342,0.0,0.0
ORD_9242336533,0.0,0.0
ORD_9245102926,0.0,0.0
ORD_9245300953,0.0,0.0
ORD_9252017015,0.0,0.0
ORD_9254346132,0.0,0.0
ORD_9256552108,0.0,0.0
ORD_9257797358,0.0,0.0
ORD_9258408262,0.0,0.0
ORD_9264355158,0.0,0.0
ORD_9266882504,0.0,0.0
ORD_9268043333,0.0,0.0
ORD_9272864952,0.0,0.0
ORD_9272931494,0.0,0.0
ORD_9273016897,0.0,0.0
ORD_9277688969,0.0,0.0
ORD_9285183526,0.0,0.0
ORD_9290650774,0.0,0.0
ORD_9293721262,0.0,0.0
ORD_9295157112,0.0,0.0
ORD_9298149649,0.0,0.0
ORD_9299124846,0.0,0.0
ORD_9301160570,0.0,0.0
ORD_9307702827,0.0,0.0
ORD_9311044896,0.0,0.0
ORD_9311169946,0.0,0.0
ORD_9317810367,0.0,0.0
ORD_9318948826,0.0,0.0
ORD_9319444878,0.0,0.0
ORD_9320772489,0.0,0.0
ORD_9322197627,0.0,0.0
ORD_9322940931,0.0,0.0
ORD_9324690450,0.0,0.0
ORD_9325445552,0.0,0.0
ORD_9325620787,0.0,0.0
ORD_9325700971,0.0,0.0
ORD_9326689963,0.0,0.0
ORD_9328555055,0.0,0.0
ORD_9328801069,0.0,0.0
ORD_9331351648,0.0,0.0
ORD_9331389388,0.0,0.0
ORD_9333599973,0.0,0.0
ORD_9337194715,0.0,0.0
ORD_9340861183,0.0,0.0
ORD_9342376866,0.0,0.0
ORD_9344488956,0.0,0.0
ORD_9345142729,0.0,0.0
ORD_9347030372,0.0,0.0
ORD_9349145992,0.0,0.0
ORD_9351385372,0.0,0.0
ORD_9356724678,0.0,0.0
ORD_9360704341,0.0,0.0
ORD_9363314576,0.0,0.0
ORD_9368640489,0.0,0.0
ORD_9372113615,0.0,0.0
ORD_9372166446,0.0,0.0
ORD_9372307045,0.0,0.0
ORD_9372845629,0.0,0.0
ORD_9372897090,0.0,0.0
ORD_9374572816,0.0,0.0
ORD_9377902946,0.0,0.0
ORD_9379830041,0.0,0.0
ORD_9380245106,0.0,0.0
ORD_9391832073,0.0,0.0
ORD_9393167388,0.0,0.0
ORD_9394823069,0.0,0.0
ORD_9395089502,0.0,0.0
ORD_9395268789,0.0,0.0
ORD_9395672411,0.0,0.0
ORD_9398872648,0.0,0.0
ORD_9400866923,0.0,0.0
ORD_9401846232,0.0,0.0
ORD_9404760029,0.0,0.0
ORD_9405472340,0.0,0.0
ORD_9405979334,0.0,0.0
ORD_9415676195,0.0,0.0
ORD_9418786884,0.0,0.0
ORD_9420777602,0.0,0.0
ORD_9421621544,0.0,0.0
ORD_9424300239,0.0,0.0
ORD_9426352156,0.0,0.0
ORD_9427026238,0.0,0.0
ORD_9427030748,0.0,0.0
ORD_9431585290,0.0,0.0
ORD_9432504290,0.0,0.0
ORD_9436767753,0.0,0.0
ORD_9439486490,0.0,0.0
ORD_9439951592,0.0,0.0
ORD_9440118784,0.0,0.0
ORD_9440123150,0.0,0.0
ORD_9441066129,0.0,0.0
ORD_9443048995,0.0,0.0
ORD_9446370778,0.0,0.0
ORD_9447815077,0.0,0.0
ORD_9453666120,0.0,0.0
ORD_9453951215,0.0,0.0
ORD_9459207023,0.0,0.0
ORD_9462953983,0.0,0.0
ORD_9463928597,0.0,0.0
ORD_9465129757,0.0,0.0
ORD_9469686852,0.0,0.0
ORD_9470667271,0.0,0.0
ORD_9480913046,0.0,0.0
ORD_9486399663,0.0,0.0
ORD_9487285286,0.0,0.0
ORD_9488716930,0.0,0.0
ORD_9488809342,0.0,0.0
ORD_9491154127,0.0,0.0
ORD_9491986271,0.0,0.0
ORD_9492378933,0.0,0.0
ORD_9496135616,0.0,0.0
ORD_9498137732,0.0,0.0
ORD_9499867586,0.0,0.0
ORD_9502874544,0.0,0.0
ORD_9503531456,0.0,0.0
ORD_9505337812,0.0,0.0
ORD_9505539328,0.0,0.0
ORD_9510080789,0.0,0.0
ORD_9514450072,0.0,0.0
ORD_9519508680,0.0,0.0
ORD_9520141861,0.0,0.0
ORD_9522948229,0.0,0.0
ORD_9523421628,0.0,0.0
ORD_9524456461,0.0,0.0
ORD_9524930997,0.0,0.0
ORD_9526374548,0.0,0.0
ORD_9533342666,0.0,0.0
ORD_9534425143,0.0,0.0
ORD_9535913100,0.0,0.0
ORD_9536806183,0.0,0.0
ORD_9540362442,0.0,0.0
ORD_9543708963,0.0,0.0
ORD_9544415259,0.0,0.0
ORD_9544647498,0.0,0.0
ORD_9544683293,0.0,0.0
ORD_9545359729,0.0,0.0
ORD_9549695182,0.0,0.0
ORD_9550101620,0.0,0.0
ORD_9555316545,0.0,0.0
ORD_9558791119,0.0,0.0
ORD_9560879317,0.0,0.0
ORD_9566777880,0.0,0.0
ORD_9568787950,0.0,0.0
ORD_9572445564,0.0,0.0
ORD_9574319812,0.0,0.0
ORD_9574775615,0.0,0.0
ORD_9575383030,0.0,0.0
ORD_9577378920,0.0,0.0
ORD_9578649181,0.0,0.0
ORD_9578712408,0.0,0.0
ORD_9580451676,0.0,0.0
ORD_9580601461,0.0,0.0
ORD_9582656107,0.0,0.0
ORD_9584398755,0.0,0.0
ORD_9586548318,0.0,0.0
ORD_9587705724,0.0,0.0
ORD_9587942273,0.0,0.0
ORD_9588269139,0.0,0.0
ORD_9590058651,0.0,0.0
ORD_9592335562,0.0,0.0
ORD_9592427444,0.0,0.0
ORD_9597519743,0.0,0.0
ORD_9600665928,0.0,0.0
ORD_9603322140,0.0,0.0
ORD_9604400831,0.0,0.0
ORD_9608254948,0.0,0.0
ORD_9609457764,0.0,0.0
ORD_9609825867,0.0,0.0
ORD_9611168028,0.0,0.0
ORD_9614576340,0.0,0.0
ORD_9616754921,0.0,0.0
ORD_9617091192,0.0,0.0
ORD_9617598500,0.0,0.0
ORD_9617981575,0.0,0.0
ORD_9618992140,0.0,0.0
ORD_9621799910,0.0,0.0
ORD_9625119086,0.0,0.0
ORD_9627931859,0.0,0.0
ORD_9629376450,0.0,0.0
ORD_9629549437,0.0,0.0
ORD_9636329772,0.0,0.0
ORD_9640398994,0.0,0.0
ORD_9640778719,0.0,0.0
ORD_9641306312,0.0,0.0
ORD_9642506348,0.0,0.0
ORD_9644689446,0.0,0.0
ORD_9648555831,0.0,0.0
ORD_9655002297,0.0,0.0
ORD_9655515232,0.0,0.0
ORD_9656120649,0.0,0.0
ORD_9662896861,0.0,0.0
ORD_9668031598,0.0,0.0
ORD_9668297948,0.0,0.0
ORD_9669457844,0.0,0.0
ORD_9671132046,0.0,0.0
ORD_9673558948,0.0,0.0
ORD_9677921925,0.0,0.0
ORD_9678523152,0.0,0.0
ORD_9685711376,0.0,0.0
ORD_9689255683,0.0,0.0
ORD_9690029117,0.0,0.0
ORD_9691967029,0.0,0.0
ORD_9693251126,0.0,0.0
ORD_9698104997,0.0,0.0
ORD_9699603108,0.0,0.0
ORD_9701532868,0.0,0.0
ORD_9703532769,0.0,0.0
ORD_9705185340,0.0,0.0
ORD_9705638231,0.0,0.0
ORD_9707586068,0.0,0.0
ORD_9708795806,0.0,0.0
ORD_9714470353,0.0,0.0
ORD_9718308801,0.0,0.0
ORD_9718904434,0.0,0.0
ORD_9718985867,0.0,0.0
ORD_9720115153,0.0,0.0
ORD_9722006496,0.0,0.0
ORD_9724400868,0.0,0.0
ORD_9726289405,0.0,0.0
ORD_9726650743,0.0,0.0
ORD_9726832810,0.0,0.0
ORD_9726955633,0.0,0.0
ORD_9730026919,0.0,0.0
ORD_9730813459,0.0,0.0
ORD_9735534966,0.0,0.0
ORD_9736638654,0.0,0.0
ORD_9737063360,0.0,0.0
ORD_9737936816,0.0,0.0
ORD_9750202236,0.0,0.0
ORD_9751066469,0.0,0.0
ORD_9752798646,0.0,0.0
ORD_9752801072,0.0,0.0
ORD_9756398444,0.0,0.0
ORD_9760889319,0.0,0.0
ORD_9761936487,0.0,0.0
ORD_9763575956,0.0,0.0
ORD_9765992142,0.0,0.0
ORD_9766521359,0.0,0.0
ORD_9770555705,0.0,0.0
ORD_9775802727,0.0,0.0
ORD_9776718106,0.0,0.0
ORD_9779383648,0.0,0.0
ORD_9780177592,0.0,0.0
ORD_9785130464,0.0,0.0
ORD_9785417316,0.0,0.0
ORD_9786439191,0.0,0.0
ORD_9788842701,0.0,0.0
ORD_9797397287,0.0,0.0
ORD_9800411536,0.0,0.0
ORD_9802892461,0.0,0.0
ORD_9804384243,0.0,0.0
ORD_9805781802,0.0,0.0
ORD_9807946811,0.0,0.0
ORD_9808300341,0.0,0.0
ORD_9809423142,0.0,0.0
ORD_9813640661,0.0,0.0
ORD_9813841498,0.0,0.0
ORD_9814262257,0.0,0.0
ORD_9815464961,0.0,0.0
ORD_9817060124,0.0,0.0
ORD_9818783280,0.0,0.0
ORD_9818803624,0.0,0.0
ORD_9819781722,0.0,0.0
ORD_9820091624,0.0,0.0
ORD_9823740381,0.0,0.0
ORD_9826325154,0.0,0.0
ORD_9832040773,0.0,0.0
ORD_9832427691,0.0,0.0
ORD_9834051412,0.0,0.0
ORD_9834844411,0.0,0.0
ORD_9835451467,0.0,0.0
ORD_9836553163,0.0,0.0
ORD_9836668088,0.0,0.0
ORD_9837621442,0.0,0.0
ORD_9842574040,0.0,0.0
ORD_9842632331,0.0,0.0
ORD_9844693797,0.0,0.0
ORD_9849943655,0.0,0.0
ORD_9849980524,0.0,0.0
ORD_9851310435,0.0,0.0
ORD_9852061106,0.0,0.0
ORD_9852491771,0.0,0.0
ORD_9857041730,0.0,0.0
ORD_9867906539,0.0,0.0
ORD_9869899610,0.0,0.0
ORD_9873932407,0.0,0.0
ORD_9875818441,0.0,0.0
ORD_9875966855,0.0,0.0
ORD_9877686484,0.0,0.0
ORD_9878561012,0.0,0.0
ORD_9880958862,0.0,0.0
ORD_9881319364,0.0,0.0
ORD_9887069040,0.0,0.0
ORD_9889558006,0.0,0.0
ORD_9890772451,0.0,0.0
ORD_9895980487,0.0,0.0
ORD_9898719744,0.0,0.0
ORD_9901606028,0.0,0.0
ORD_9906185521,0.0,0.0
ORD_9906412478,0.0,0.0
ORD_9909692192,0.0,0.0
ORD_9910848978,0.0,0.0
ORD_9911000074,0.0,0.0
ORD_9911205137,0.0,0.0
ORD_9913289463,0.0,0.0
ORD_9923717504,0.0,0.0
ORD_9929021611,0.0,0.0
ORD_9930065075,0.0,0.0
ORD_9931572436,0.0,0.0
ORD_9935348065,0.0,0.0
ORD_9938595288,0.0,0.0
ORD_9940908475,0.0,0.0
ORD_9942373498,0.0,0.0
ORD_9947411331,0.0,0.0
ORD_9952559078,0.0,0.0
ORD_9952631621,0.0,0.0
ORD_9957433650,0.0,0.0
ORD_9959838182,0.0,0.0
ORD_9967522850,0.0,0.0
ORD_9973000099,0.0,0.0
ORD_9974608328,0.0,0.0
ORD_9978832210,0.0,0.0
ORD_9980639624,0.0,0.0
ORD_9980664760,0.0,0.0
ORD_9981505880,0.0,0.0
ORD_9984799774,0.0,0.0
ORD_9995607360,0.0,0.0
ORD_9999722034,0.0,0.0
ORD_9999823374,0.0,0.0
